Mes,AÃ±o,Ventas_Mensuales,Unidades_Vendidas,Costo_Marketing,Nuevos_Clientes
Enero,2022,34138,489,3188,100
Febrero,2022,42585,1013,3028,11
Marzo,2022,40031,746,3990,70
Abril,2022,30270,364,7244,29
Mayo,2022,34060,895,9640,83
Junio,2022,47714,682,2517,76
Julio,2022,49711,305,4329,80
Agosto,2022,11841,541,10646,48
Septiembre,2022,19067,205,7511,34
Octubre,2022,56334,206,7287,45
Noviembre,2022,45320,337,4797,80
Diciembre,2022,22668,470,11606,82
Enero,2023,54900,766,7333,44
Febrero,2023,33895,584,9464,104
Marzo,2023,12689,693,7370,74
Abril,2023,45795,585,6200,76
Mayo,2023,24315,930,11216,87
Junio,2023,21857,755,7073,64
Julio,2023,15354,311,5880,106
Agosto,2023,47539,287,4638,38
Septiembre,2023,54298,528,4090,33
Octubre,2023,52422,110,10351,73
Noviembre,2023,50693,526,8050,30
Diciembre,2023,43045,817,7875,93
Enero,2024,19597,140,7452,109
Febrero,2024,59146,398,11392,53
Marzo,2024,51756,905,5301,35
Abril,2024,58269,745,10299,47
Mayo,2024,39640,587,11972,82
Junio,2024,46790,345,10015,90
Julio,2024,35982,601,3513,22
Agosto,2024,40907,655,2683,40
Septiembre,2024,20276,358,3934,55
Octubre,2024,21009,285,2275,39
Noviembre,2024,21321,495,7756,49
Diciembre,2024,33070,210,7771,72
Enero,2025,10547,588,2575,14
Febrero,2025,49213,654,9735,36
Marzo,2025,38152,601,5024,45
Abril,2025,26987,335,5472,106
Mayo,2025,51274,239,2667,18
Junio,2025,18021,122,9944,26
Julio,2025,13856,571,7791,77
Agosto,2025,55198,430,8732,49
Septiembre,2025,30346,640,5213,22
Octubre,2025,55644,934,9575,101
Noviembre,2025,19728,589,7882,19
Diciembre,2025,44343,571,5255,99
Enero,2026,12478,641,11128,62
Febrero,2026,32171,716,9903,71
Marzo,2026,23988,748,6974,10
Abril,2026,11604,831,9079,82
Mayo,2026,26577,667,4187,48
Junio,2026,48935,342,11348,104
Julio,2026,14745,420,8941,108
Agosto,2026,24738,462,7642,98
Septiembre,2026,25433,642,2264,62
Octubre,2026,41519,613,5428,41
Noviembre,2026,36603,715,7326,23
Diciembre,2026,20825,1015,11022,71
Enero,2027,22902,955,9458,89
Febrero,2027,40365,549,9862,35
Marzo,2027,46553,955,4242,33
Abril,2027,35580,998,9825,10
Mayo,2027,25201,140,2661,25
Junio,2027,17396,339,11981,66
Julio,2027,32298,645,8404,80
Agosto,2027,40035,304,4872,106
Septiembre,2027,45213,455,4059,41
Octubre,2027,57125,693,5530,53
Noviembre,2027,22647,699,3052,64
Diciembre,2027,15738,958,11958,73
Enero,2028,14156,1083,7401,67
Febrero,2028,46628,186,2152,15
Marzo,2028,43410,132,8674,55
Abril,2028,50979,471,2455,87
Mayo,2028,36420,1045,10703,55
Junio,2028,58469,164,3325,34
Julio,2028,14254,618,3617,85
Agosto,2028,41477,408,11323,103
Septiembre,2028,52479,493,6021,103
Octubre,2028,39428,905,8685,13
Noviembre,2028,31689,218,2445,84
Diciembre,2028,25789,140,6329,106
Enero,2029,29464,307,7292,22
Febrero,2029,17701,461,6277,94
Marzo,2029,55651,590,4557,108
Abril,2029,31961,228,5631,73
Mayo,2029,33493,236,9344,64
Junio,2029,35084,700,5637,27
Julio,2029,19327,684,4527,30
Agosto,2029,28380,866,8325,31
Septiembre,2029,47897,674,6054,106
Octubre,2029,20159,242,2318,82
Noviembre,2029,12891,1094,4332,52
Diciembre,2029,23914,817,6868,28
Enero,2030,26432,754,6728,34
Febrero,2030,41665,166,8217,75
Marzo,2030,46961,182,3025,25
Abril,2030,47287,151,6978,29
Mayo,2030,47622,987,9533,10
Junio,2030,14056,702,7942,90
Julio,2030,18948,343,11532,55
Agosto,2030,56639,343,6335,104
Septiembre,2030,58561,375,6823,80
Octubre,2030,15836,773,2612,76
Noviembre,2030,23034,304,5819,73
Diciembre,2030,42789,822,4629,30
Enero,2031,48150,1064,8719,34
Febrero,2031,11495,952,10435,85
Marzo,2031,27066,1073,9081,43
Abril,2031,59155,572,2087,63
Mayo,2031,42603,357,7958,80
Junio,2031,12970,581,3500,56
Julio,2031,36279,682,3997,34
Agosto,2031,32289,1032,8337,65
Septiembre,2031,45694,945,7418,49
Octubre,2031,34174,1081,10701,61
Noviembre,2031,29799,891,4419,96
Diciembre,2031,32566,605,10989,78
Enero,2032,38301,385,9834,19
Febrero,2032,37174,213,5273,64
Marzo,2032,18447,896,6531,25
Abril,2032,44035,296,7554,61
Mayo,2032,50677,691,8543,40
Junio,2032,24226,184,10956,102
Julio,2032,19435,107,3238,61
Agosto,2032,56289,1022,3903,35
Septiembre,2032,44121,412,7994,78
Octubre,2032,46763,1010,9598,42
Noviembre,2032,58944,712,8249,99
Diciembre,2032,56260,508,7415,66
Enero,2033,58964,961,2944,28
Febrero,2033,44990,1005,4764,35
Marzo,2033,15516,757,6366,28
Abril,2033,29971,314,5073,97
Mayo,2033,12425,443,10142,38
Junio,2033,18350,381,2944,39
Julio,2033,17777,699,3369,76
Agosto,2033,28587,125,11412,65
Septiembre,2033,51056,592,4042,35
Octubre,2033,56321,616,8650,88
Noviembre,2033,37253,416,6521,67
Diciembre,2033,46709,320,10733,85
Enero,2034,52419,724,7098,73
Febrero,2034,55692,132,11479,89
Marzo,2034,51836,262,6140,80
Abril,2034,20244,666,9831,84
Mayo,2034,20166,444,10801,31
Junio,2034,21695,925,7032,64
Julio,2034,54969,660,6514,44
Agosto,2034,33148,716,6422,107
Septiembre,2034,13773,981,9614,86
Octubre,2034,40437,252,10051,79
Noviembre,2034,52039,907,7855,94
Diciembre,2034,14117,861,3652,27
Enero,2035,35957,997,9645,33
Febrero,2035,48259,358,10854,78
Marzo,2035,47985,569,8156,48
Abril,2035,15506,808,2510,82
Mayo,2035,18058,1098,2744,55
Junio,2035,54334,604,5953,101
Julio,2035,56296,1099,6256,45
Agosto,2035,12529,1092,3638,99
Septiembre,2035,13249,927,2674,17
Octubre,2035,43983,516,4159,19
Noviembre,2035,18732,568,4573,107
Diciembre,2035,51670,903,4978,44
Enero,2036,37463,123,11629,94
Febrero,2036,16683,589,11878,86
Marzo,2036,15578,1037,6371,73
Abril,2036,29650,1037,4159,41
Mayo,2036,43482,191,3499,91
Junio,2036,49081,536,3304,36
Julio,2036,39063,564,6178,76
Agosto,2036,54785,210,6670,60
Septiembre,2036,56111,711,3489,42
Octubre,2036,58044,375,6185,13
Noviembre,2036,13426,204,8739,54
Diciembre,2036,27612,1001,10059,69
Enero,2037,49840,418,8944,68
Febrero,2037,50608,517,6821,30
Marzo,2037,13843,826,8036,11
Abril,2037,41545,395,11091,76
Mayo,2037,19593,931,11992,20
Junio,2037,48022,377,8228,98
Julio,2037,59722,814,5955,55
Agosto,2037,48388,611,5187,82
Septiembre,2037,19374,351,5703,89
Octubre,2037,58996,589,3892,55
Noviembre,2037,14169,885,5524,83
Diciembre,2037,21428,375,8264,38
Enero,2038,15794,601,5566,25
Febrero,2038,22212,904,9720,38
Marzo,2038,42809,961,3822,90
Abril,2038,48981,169,6165,106
Mayo,2038,21061,588,9112,87
Junio,2038,35053,841,4696,33
Julio,2038,24788,1036,4653,67
Agosto,2038,31677,400,7516,93
Septiembre,2038,42663,637,7997,17
Octubre,2038,18592,729,2604,48
Noviembre,2038,56654,861,4760,29
Diciembre,2038,35991,1076,7907,108
Enero,2039,33736,479,10878,25
Febrero,2039,17806,808,10806,61
Marzo,2039,55189,407,4578,62
Abril,2039,19240,394,7203,18
Mayo,2039,52019,569,5337,91
Junio,2039,44877,804,9721,84
Julio,2039,18622,980,4490,15
Agosto,2039,32271,731,11993,59
Septiembre,2039,42860,817,11849,13
Octubre,2039,22785,584,2605,51
Noviembre,2039,28127,986,10162,72
Diciembre,2039,33294,193,11020,97
Enero,2040,24687,806,8468,42
Febrero,2040,58255,463,9733,80
Marzo,2040,36902,515,7115,76
Abril,2040,53348,749,9926,14
Mayo,2040,12861,272,3400,107
Junio,2040,43730,230,10329,107
Julio,2040,42811,182,7812,10
Agosto,2040,40971,785,11522,21
Septiembre,2040,44026,862,3791,74
Octubre,2040,12177,734,3952,72
Noviembre,2040,10821,712,11306,29
Diciembre,2040,35545,964,3402,28
Enero,2041,42355,292,7261,99
Febrero,2041,37978,951,8054,65
Marzo,2041,33057,101,11852,58
Abril,2041,44706,787,5814,67
Mayo,2041,29465,547,2825,11
Junio,2041,41955,1036,7374,89
Julio,2041,57119,460,8038,66
Agosto,2041,40544,1030,8930,36
Septiembre,2041,24721,484,2814,59
Octubre,2041,25791,385,9953,32
Noviembre,2041,45210,625,2875,19
Diciembre,2041,30805,557,9005,44
Enero,2042,23754,729,9552,59
Febrero,2042,15655,785,5577,99
Marzo,2042,43298,1099,2694,91
Abril,2042,32642,598,4429,29
Mayo,2042,28928,975,3890,80
Junio,2042,44772,664,2286,87
Julio,2042,10739,568,8761,38
Agosto,2042,34945,129,5825,75
Septiembre,2042,19632,452,4797,10
Octubre,2042,49413,391,7567,30
Noviembre,2042,27252,667,2167,34
Diciembre,2042,55981,357,11395,97
Enero,2043,10424,446,6377,68
Febrero,2043,45715,497,7654,61
Marzo,2043,12768,925,4899,58
Abril,2043,32809,775,7481,11
Mayo,2043,55587,310,5081,102
Junio,2043,58635,355,9721,90
Julio,2043,33801,895,11333,103
Agosto,2043,15078,749,3058,43
Septiembre,2043,47689,242,7271,54
Octubre,2043,28378,398,9731,55
Noviembre,2043,42791,101,6531,29
Diciembre,2043,16835,370,5071,106
Enero,2044,15752,621,8665,54
Febrero,2044,13916,374,5082,11
Marzo,2044,25942,735,10860,87
Abril,2044,56105,385,11047,20
Mayo,2044,36444,704,5669,60
Junio,2044,14534,512,10631,82
Julio,2044,25940,276,3349,85
Agosto,2044,21055,560,2747,88
Septiembre,2044,14150,561,6576,27
Octubre,2044,16658,275,9635,38
Noviembre,2044,39775,924,8788,85
Diciembre,2044,23464,490,10967,86
Enero,2045,48779,797,7513,43
Febrero,2045,58314,287,4967,72
Marzo,2045,19317,115,4627,11
Abril,2045,57506,885,5805,31
Mayo,2045,21471,765,9076,52
Junio,2045,51005,611,4014,45
Julio,2045,15730,415,6539,39
Agosto,2045,52557,498,5328,59
Septiembre,2045,41991,981,4182,61
Octubre,2045,35021,1087,9625,109
Noviembre,2045,33108,117,10958,52
Diciembre,2045,21428,960,3275,11
Enero,2046,41648,936,10583,39
Febrero,2046,39730,817,5476,12
Marzo,2046,47397,108,5602,25
Abril,2046,31946,314,5637,96
Mayo,2046,48486,452,10363,76
Junio,2046,33884,836,7079,90
Julio,2046,47586,280,5700,48
Agosto,2046,29033,549,10375,12
Septiembre,2046,27584,543,8652,76
Octubre,2046,36555,868,2686,46
Noviembre,2046,52492,493,10754,26
Diciembre,2046,43500,787,11709,33
Enero,2047,23346,1038,2506,40
Febrero,2047,53816,187,7262,59
Marzo,2047,18030,121,9424,96
Abril,2047,47117,1050,6169,61
Mayo,2047,22088,200,3054,92
Junio,2047,29055,485,6439,61
Julio,2047,28426,349,9784,95
Agosto,2047,50563,926,7491,17
Septiembre,2047,41066,1040,3376,36
Octubre,2047,36417,1078,5364,74
Noviembre,2047,51768,454,6275,44
Diciembre,2047,39185,549,5437,80
Enero,2048,30877,557,5853,11
Febrero,2048,36703,1044,10946,82
Marzo,2048,36553,271,10249,21
Abril,2048,34876,275,3088,42
Mayo,2048,12865,523,4187,19
Junio,2048,46573,685,6326,93
Julio,2048,37048,312,10345,90
Agosto,2048,42913,820,7916,50
Septiembre,2048,35548,291,4231,35
Octubre,2048,23456,542,2507,109
Noviembre,2048,17758,879,4053,13
Diciembre,2048,57836,401,10174,65
Enero,2049,52544,679,8797,42
Febrero,2049,23710,1015,3374,45
Marzo,2049,34989,107,6283,10
Abril,2049,38861,557,8295,56
Mayo,2049,10053,749,10106,24
Junio,2049,53312,675,2530,50
Julio,2049,20053,911,9945,35
Agosto,2049,26064,341,5588,39
Septiembre,2049,31484,494,8946,63
Octubre,2049,35524,703,7010,24
Noviembre,2049,27554,689,11946,99
Diciembre,2049,37634,429,5895,55
Enero,2050,57838,626,8783,14
Febrero,2050,24619,972,8830,95
Marzo,2050,28554,370,2578,11
Abril,2050,40904,400,10319,77
Mayo,2050,12326,754,9458,76
Junio,2050,18373,461,10739,68
Julio,2050,49548,1075,8309,84
Agosto,2050,11282,544,4832,48
Septiembre,2050,42367,442,10730,107
Octubre,2050,51256,296,6188,95
Noviembre,2050,39728,861,6363,72
Diciembre,2050,35827,588,5169,73
Enero,2051,55313,305,11849,76
Febrero,2051,34495,110,7663,56
Marzo,2051,14923,617,3529,102
Abril,2051,14243,979,9538,92
Mayo,2051,30519,450,10977,87
Junio,2051,17409,393,10325,62
Julio,2051,28610,660,2539,73
Agosto,2051,48531,1023,8926,36
Septiembre,2051,50495,163,8498,43
Octubre,2051,39181,657,3353,27
Noviembre,2051,17480,1002,2804,28
Diciembre,2051,30456,725,9911,79
Enero,2052,44189,842,5782,68
Febrero,2052,19992,157,5580,52
Marzo,2052,23006,1075,9160,53
Abril,2052,37329,835,5428,68
Mayo,2052,32211,268,11741,32
Junio,2052,58842,149,8006,69
Julio,2052,56337,641,11663,41
Agosto,2052,38983,583,9410,52
Septiembre,2052,58505,701,7270,30
Octubre,2052,16366,134,7325,84
Noviembre,2052,18319,491,6492,81
Diciembre,2052,46760,908,8605,47
Enero,2053,49361,931,5496,100
Febrero,2053,28885,372,9818,18
Marzo,2053,19021,113,6723,104
Abril,2053,57906,103,9969,24
Mayo,2053,29300,612,2677,73
Junio,2053,12735,747,8673,52
Julio,2053,55828,271,3303,26
Agosto,2053,43680,199,10544,63
Septiembre,2053,12447,775,7845,92
Octubre,2053,46194,135,10440,49
Noviembre,2053,50916,889,11241,66
Diciembre,2053,33108,325,10140,88
Enero,2054,27839,577,8079,55
Febrero,2054,50483,719,5410,25
Marzo,2054,23537,243,4258,51
Abril,2054,59132,500,10917,23
Mayo,2054,23989,839,3022,104
Junio,2054,36082,719,4452,53
Julio,2054,30084,279,3823,109
Agosto,2054,51652,688,4401,87
Septiembre,2054,30605,1050,4893,18
Octubre,2054,31147,1046,6306,51
Noviembre,2054,46362,590,11324,93
Diciembre,2054,23836,277,3486,72
Enero,2055,31282,731,9891,42
Febrero,2055,32467,862,8905,33
Marzo,2055,32602,777,4556,36
Abril,2055,30435,1082,7803,40
Mayo,2055,30214,182,6447,15
Junio,2055,16597,976,7435,63
Julio,2055,35736,1037,3885,60
Agosto,2055,11276,270,10104,17
Septiembre,2055,35384,222,5857,60
Octubre,2055,18242,678,10186,89
Noviembre,2055,22502,105,5450,71
Diciembre,2055,10985,382,7578,100
Enero,2056,55393,731,3299,55
Febrero,2056,56826,418,6679,20
Marzo,2056,39866,672,5560,97
Abril,2056,35443,942,3979,26
Mayo,2056,45805,1073,5001,68
Junio,2056,11343,561,5958,29
Julio,2056,29765,610,4084,34
Agosto,2056,36562,1073,5355,64
Septiembre,2056,15230,612,3618,54
Octubre,2056,41321,830,6028,92
Noviembre,2056,41826,1048,11300,25
Diciembre,2056,11865,1044,4355,15
Enero,2057,44599,594,2753,20
Febrero,2057,21736,833,11017,66
Marzo,2057,21498,776,8295,17
Abril,2057,14123,699,3138,84
Mayo,2057,54592,371,10578,77
Junio,2057,58919,869,4923,82
Julio,2057,18439,341,2366,94
Agosto,2057,54678,446,3352,75
Septiembre,2057,37919,861,2509,29
Octubre,2057,46072,1072,9970,18
Noviembre,2057,35400,1013,10800,14
Diciembre,2057,27959,188,3557,104
Enero,2058,29015,1026,8581,48
Febrero,2058,57605,363,2531,101
Marzo,2058,16091,782,5532,82
Abril,2058,24655,663,10282,106
Mayo,2058,41554,102,3976,40
Junio,2058,17297,354,4837,60
Julio,2058,28856,140,2781,77
Agosto,2058,31806,835,10976,18
Septiembre,2058,18276,993,2825,103
Octubre,2058,43683,473,9672,29
Noviembre,2058,58966,151,10436,91
Diciembre,2058,27094,539,9989,32
Enero,2059,39242,912,7484,101
Febrero,2059,16626,127,9085,88
Marzo,2059,27377,269,11027,75
Abril,2059,17321,847,2286,11
Mayo,2059,52866,553,8604,105
Junio,2059,34658,856,7987,34
Julio,2059,41321,334,8568,46
Agosto,2059,10936,865,7063,77
Septiembre,2059,28290,862,9545,101
Octubre,2059,58127,348,6693,103
Noviembre,2059,16643,860,6619,109
Diciembre,2059,49464,905,11354,25
Enero,2060,37057,257,6928,24
Febrero,2060,43503,453,10675,40
Marzo,2060,40192,282,11618,12
Abril,2060,18307,174,6539,66
Mayo,2060,20542,452,9475,34
Junio,2060,51683,411,2093,64
Julio,2060,31434,313,11448,96
Agosto,2060,20011,556,7107,34
Septiembre,2060,35737,237,2306,42
Octubre,2060,52594,1062,10338,103
Noviembre,2060,28009,414,3465,63
Diciembre,2060,48999,337,10491,11
Enero,2061,57335,300,7556,46
Febrero,2061,34399,347,9999,81
Marzo,2061,58078,627,9689,63
Abril,2061,12767,498,3273,22
Mayo,2061,17455,161,9119,21
Junio,2061,57911,636,7326,52
Julio,2061,42237,723,9821,77
Agosto,2061,21097,402,7237,10
Septiembre,2061,57548,211,4871,93
Octubre,2061,55356,848,9198,89
Noviembre,2061,26533,1019,3126,98
Diciembre,2061,36671,1070,8947,90
Enero,2062,52256,441,11486,106
Febrero,2062,52482,243,11231,67
Marzo,2062,31519,335,4773,23
Abril,2062,54072,1059,2737,64
Mayo,2062,16280,1078,10529,32
Junio,2062,49167,1047,4114,54
Julio,2062,59349,726,3394,88
Agosto,2062,22042,755,4373,44
Septiembre,2062,41800,692,6240,49
Octubre,2062,21722,559,3108,47
Noviembre,2062,27258,418,4288,53
Diciembre,2062,28764,945,2656,21
Enero,2063,55795,571,9518,87
Febrero,2063,26293,110,10439,104
Marzo,2063,34473,341,5545,26
Abril,2063,31294,189,7023,57
Mayo,2063,44277,224,10071,11
Junio,2063,53337,466,2603,78
Julio,2063,24315,627,4011,20
Agosto,2063,42163,794,5149,41
Septiembre,2063,10641,1046,5099,36
Octubre,2063,11481,792,2960,72
Noviembre,2063,30695,250,11909,105
Diciembre,2063,42457,704,10790,54
Enero,2064,16033,597,9244,21
Febrero,2064,59064,357,7974,89
Marzo,2064,54867,599,6787,31
Abril,2064,16847,844,9763,96
Mayo,2064,25034,630,3346,108
Junio,2064,17234,750,7192,59
Julio,2064,14091,191,10563,93
Agosto,2064,56101,479,8125,26
Septiembre,2064,59706,320,6764,54
Octubre,2064,57277,676,4386,93
Noviembre,2064,18050,767,9000,105
Diciembre,2064,51274,1078,10699,105
Enero,2065,53351,180,7547,79
Febrero,2065,38646,342,5717,107
Marzo,2065,52690,108,6576,102
Abril,2065,20486,434,8967,33
Mayo,2065,49557,113,4362,82
Junio,2065,35642,1011,9280,85
Julio,2065,20196,1081,5110,89
Agosto,2065,30581,320,3759,67
Septiembre,2065,36044,538,10755,41
Octubre,2065,38412,194,3726,64
Noviembre,2065,45198,236,8067,32
Diciembre,2065,38794,395,3066,24
Enero,2066,50023,905,2118,85
Febrero,2066,46607,207,5425,64
Marzo,2066,45104,320,9964,18
Abril,2066,16299,998,2262,99
Mayo,2066,35187,764,8861,34
Junio,2066,40238,936,6629,56
Julio,2066,33182,1055,7654,21
Agosto,2066,41997,413,3226,48
Septiembre,2066,15275,300,5165,96
Octubre,2066,42624,976,8480,84
Noviembre,2066,13804,339,6867,101
Diciembre,2066,49114,349,8320,39
Enero,2067,31782,852,3697,77
Febrero,2067,56763,245,2840,27
Marzo,2067,46114,720,11534,85
Abril,2067,48275,955,6529,93
Mayo,2067,52333,263,3410,20
Junio,2067,48357,989,4300,35
Julio,2067,12258,932,10050,51
Agosto,2067,49883,108,7452,66
Septiembre,2067,41876,582,10943,62
Octubre,2067,56411,440,4112,55
Noviembre,2067,31442,551,11556,68
Diciembre,2067,29803,259,5872,28
Enero,2068,34770,380,7669,50
Febrero,2068,36821,219,10340,99
Marzo,2068,37186,428,10977,14
Abril,2068,36444,137,10144,68
Mayo,2068,27451,620,8974,71
Junio,2068,44444,866,10402,19
Julio,2068,36164,522,7100,12
Agosto,2068,41938,163,9133,91
Septiembre,2068,25767,558,8774,45
Octubre,2068,57129,629,5881,58
Noviembre,2068,35153,290,10582,85
Diciembre,2068,50314,330,11504,44
Enero,2069,17384,804,3919,56
Febrero,2069,46220,734,7306,93
Marzo,2069,56735,738,7161,37
Abril,2069,44525,513,3681,104
Mayo,2069,36213,698,6336,105
Junio,2069,34210,180,7155,108
Julio,2069,41551,130,9923,84
Agosto,2069,11775,142,9369,89
Septiembre,2069,58204,355,5142,65
Octubre,2069,11042,799,2183,39
Noviembre,2069,55915,265,10752,16
Diciembre,2069,38739,277,6077,105
Enero,2070,39201,482,2854,48
Febrero,2070,48206,404,11800,63
Marzo,2070,47842,960,6019,47
Abril,2070,49093,335,11916,62
Mayo,2070,17451,723,8401,63
Junio,2070,33806,820,6069,109
Julio,2070,48434,561,9534,25
Agosto,2070,56487,779,9967,105
Septiembre,2070,13834,903,10034,104
Octubre,2070,37032,891,2567,69
Noviembre,2070,31300,646,9087,83
Diciembre,2070,11182,976,10038,95
Enero,2071,57290,929,6189,23
Febrero,2071,34664,975,10133,51
Marzo,2071,11808,179,7539,96
Abril,2071,14939,423,11314,35
Mayo,2071,15556,512,7566,72
Junio,2071,56803,307,8766,97
Julio,2071,33785,538,11743,31
Agosto,2071,59410,347,8153,93
Septiembre,2071,26401,779,10285,42
Octubre,2071,48090,283,11922,19
Noviembre,2071,49977,190,4459,89
Diciembre,2071,42899,377,4181,15
Enero,2072,16491,855,8776,82
Febrero,2072,22582,820,9857,99
Marzo,2072,13088,630,6688,16
Abril,2072,21074,979,11283,67
Mayo,2072,46768,476,2212,96
Junio,2072,46138,168,9292,81
Julio,2072,46185,276,7923,78
Agosto,2072,40775,1078,4212,79
Septiembre,2072,42755,876,3403,72
Octubre,2072,52183,249,9079,29
Noviembre,2072,53887,328,4974,95
Diciembre,2072,17106,478,6455,37
Enero,2073,45815,630,9399,94
Febrero,2073,25823,296,8684,90
Marzo,2073,46124,804,10541,21
Abril,2073,56248,307,8826,84
Mayo,2073,23484,790,6324,49
Junio,2073,46946,455,8921,63
Julio,2073,48518,696,9582,25
Agosto,2073,54318,869,3287,20
Septiembre,2073,47261,443,8143,31
Octubre,2073,12390,152,9800,28
Noviembre,2073,11475,925,6786,16
Diciembre,2073,17466,664,7251,77
Enero,2074,25214,275,7168,109
Febrero,2074,56873,870,10053,89
Marzo,2074,55487,746,2516,51
Abril,2074,14820,447,3858,66
Mayo,2074,28213,353,5974,80
Junio,2074,52377,1093,6346,56
Julio,2074,28686,798,8213,48
Agosto,2074,40392,358,10668,64
Septiembre,2074,46282,487,2531,47
Octubre,2074,23783,135,10201,51
Noviembre,2074,51650,700,7668,45
Diciembre,2074,20116,452,6473,63
Enero,2075,14984,648,5313,58
Febrero,2075,34727,976,6441,66
Marzo,2075,53227,336,6570,95
Abril,2075,23507,728,6682,12
Mayo,2075,42099,645,6325,91
Junio,2075,38725,412,3635,87
Julio,2075,20565,421,11491,28
Agosto,2075,19298,232,2261,81
Septiembre,2075,10469,657,4348,25
Octubre,2075,49268,504,5200,48
Noviembre,2075,33030,719,10207,58
Diciembre,2075,50902,954,4253,86
Enero,2076,59179,585,8782,66
Febrero,2076,36723,218,5301,46
Marzo,2076,55542,739,2238,92
Abril,2076,58519,150,9811,38
Mayo,2076,10404,212,8539,101
Junio,2076,24776,492,9270,28
Julio,2076,56369,812,6267,68
Agosto,2076,36666,474,6062,45
Septiembre,2076,50580,899,7477,43
Octubre,2076,25798,532,10624,40
Noviembre,2076,21055,921,8050,83
Diciembre,2076,19916,500,4734,21
Enero,2077,54208,492,3434,77
Febrero,2077,57928,241,5429,63
Marzo,2077,54300,746,10644,101
Abril,2077,36114,164,7052,76
Mayo,2077,21991,354,4037,34
Junio,2077,55670,511,3617,45
Julio,2077,25474,287,6768,78
Agosto,2077,25438,761,7945,23
Septiembre,2077,20011,543,6151,81
Octubre,2077,16308,796,11199,73
Noviembre,2077,43624,908,6176,14
Diciembre,2077,33272,623,10164,23
Enero,2078,36582,436,7761,53
Febrero,2078,26375,826,6809,63
Marzo,2078,58791,372,2907,66
Abril,2078,45221,331,8294,67
Mayo,2078,24345,324,6389,39
Junio,2078,20245,717,8041,69
Julio,2078,42278,770,5098,73
Agosto,2078,50669,758,7329,29
Septiembre,2078,57549,445,2605,34
Octubre,2078,57052,389,9806,71
Noviembre,2078,55636,517,4064,50
Diciembre,2078,13346,1094,10306,22
Enero,2079,10920,424,5356,103
Febrero,2079,38788,704,5165,46
Marzo,2079,13443,1064,7013,85
Abril,2079,28351,1061,3799,51
Mayo,2079,41342,285,5968,87
Junio,2079,21261,727,3824,92
Julio,2079,44374,608,4741,105
Agosto,2079,17872,223,8747,51
Septiembre,2079,26412,809,6581,45
Octubre,2079,31481,699,7856,45
Noviembre,2079,39720,256,8160,81
Diciembre,2079,31762,932,9054,14
Enero,2080,12480,818,4116,63
Febrero,2080,47672,914,11072,28
Marzo,2080,21074,997,11752,52
Abril,2080,53580,356,2321,28
Mayo,2080,44336,162,6011,28
Junio,2080,28655,870,11258,58
Julio,2080,46037,987,2985,19
Agosto,2080,32161,112,10626,102
Septiembre,2080,26840,1062,6067,39
Octubre,2080,32884,1085,3306,67
Noviembre,2080,55354,418,6159,19
Diciembre,2080,14437,1042,8081,98
Enero,2081,52453,789,11273,13
Febrero,2081,22908,565,7418,46
Marzo,2081,47467,1025,7853,32
Abril,2081,50976,870,9679,50
Mayo,2081,53816,977,9648,67
Junio,2081,44239,282,11989,26
Julio,2081,59979,585,6337,76
Agosto,2081,18717,288,2356,103
Septiembre,2081,52839,549,7504,43
Octubre,2081,13943,289,5022,43
Noviembre,2081,43299,563,4764,61
Diciembre,2081,59898,120,6545,80
Enero,2082,58845,620,4333,76
Febrero,2082,55743,745,9489,84
Marzo,2082,27829,979,3705,42
Abril,2082,15278,434,5984,97
Mayo,2082,54971,612,2285,13
Junio,2082,55863,853,3603,109
Julio,2082,14532,296,7514,21
Agosto,2082,54321,947,4929,30
Septiembre,2082,36218,756,11892,57
Octubre,2082,21186,865,8569,97
Noviembre,2082,13172,219,8858,38
Diciembre,2082,17561,783,9437,32
Enero,2083,49419,607,2097,57
Febrero,2083,51022,133,7449,14
Marzo,2083,26328,129,9950,73
Abril,2083,31380,998,10431,36
Mayo,2083,36478,1033,3797,107
Junio,2083,57373,877,8587,94
Julio,2083,42197,491,9563,73
Agosto,2083,32093,332,10362,72
Septiembre,2083,46832,627,10174,91
Octubre,2083,44373,322,8624,25
Noviembre,2083,50102,213,9138,21
Diciembre,2083,56157,215,7573,21
Enero,2084,52674,993,4637,48
Febrero,2084,39271,492,8932,70
Marzo,2084,53369,636,11627,12
Abril,2084,42702,336,8075,56
Mayo,2084,10805,793,10722,39
Junio,2084,21006,355,10228,34
Julio,2084,34306,464,7041,27
Agosto,2084,43673,981,7121,81
Septiembre,2084,32595,108,9303,51
Octubre,2084,14494,172,9136,14
Noviembre,2084,16107,766,3304,45
Diciembre,2084,48371,379,10663,17
Enero,2085,46042,460,2875,30
Febrero,2085,13565,168,11008,81
Marzo,2085,29556,477,7138,96
Abril,2085,38933,1004,3010,17
Mayo,2085,33850,314,10551,37
Junio,2085,24936,143,2632,37
Julio,2085,47114,596,11282,73
Agosto,2085,50065,926,9077,81
Septiembre,2085,43318,122,8844,46
Octubre,2085,37477,631,11697,23
Noviembre,2085,23635,946,5067,38
Diciembre,2085,57274,1020,3146,61
Enero,2086,15308,994,4648,56
Febrero,2086,52928,934,6850,11
Marzo,2086,21827,690,2859,62
Abril,2086,53155,619,6541,19
Mayo,2086,12243,363,5668,56
Junio,2086,23156,924,6485,59
Julio,2086,56318,154,8277,51
Agosto,2086,27634,541,11590,99
Septiembre,2086,36461,912,5243,57
Octubre,2086,21534,423,5722,63
Noviembre,2086,57127,936,2674,67
Diciembre,2086,19283,780,4225,55
Enero,2087,49228,479,10668,39
Febrero,2087,54852,585,10823,64
Marzo,2087,43726,816,11603,25
Abril,2087,56215,175,8660,60
Mayo,2087,38085,545,9986,76
Junio,2087,26830,1081,5194,82
Julio,2087,55368,251,10897,64
Agosto,2087,13007,851,10659,88
Septiembre,2087,51861,939,5526,10
Octubre,2087,47368,832,9598,103
Noviembre,2087,18212,634,5767,27
Diciembre,2087,29148,606,6292,70
Enero,2088,44321,196,8797,108
Febrero,2088,38590,949,6569,12
Marzo,2088,22478,217,11115,93
Abril,2088,58257,1066,10101,39
Mayo,2088,53278,953,6389,27
Junio,2088,52481,397,2230,88
Julio,2088,26696,753,4254,77
Agosto,2088,29495,1011,10180,31
Septiembre,2088,30382,240,8800,11
Octubre,2088,30304,493,9497,102
Noviembre,2088,44207,741,4471,10
Diciembre,2088,26851,363,6208,74
Enero,2089,30352,1058,5941,83
Febrero,2089,19478,164,5795,85
Marzo,2089,14753,1019,10341,63
Abril,2089,19880,545,3773,45
Mayo,2089,57946,379,8541,98
Junio,2089,52178,860,3915,48
Julio,2089,32062,203,8878,66
Agosto,2089,32214,878,11824,40
Septiembre,2089,59704,214,2762,58
Octubre,2089,27915,625,7127,53
Noviembre,2089,53569,472,7431,106
Diciembre,2089,13139,369,6364,28
Enero,2090,18477,933,5673,83
Febrero,2090,44145,317,6621,47
Marzo,2090,38724,686,7355,84
Abril,2090,30719,709,3835,40
Mayo,2090,22436,400,8411,41
Junio,2090,23697,401,8929,83
Julio,2090,51188,271,6560,72
Agosto,2090,20754,805,9071,36
Septiembre,2090,18383,602,9015,30
Octubre,2090,43022,528,11804,10
Noviembre,2090,35754,243,11650,74
Diciembre,2090,35922,336,3332,70
Enero,2091,54735,273,4085,51
Febrero,2091,12370,737,6981,17
Marzo,2091,14714,893,7553,20
Abril,2091,13906,968,8719,88
Mayo,2091,47241,751,11977,49
Junio,2091,22227,1056,3416,10
Julio,2091,33629,662,3777,19
Agosto,2091,31250,177,5644,86
Septiembre,2091,56193,355,2443,39
Octubre,2091,21764,379,6655,26
Noviembre,2091,51816,878,5990,81
Diciembre,2091,52908,311,11878,19
Enero,2092,22297,606,8529,30
Febrero,2092,52515,633,7622,51
Marzo,2092,33769,729,4619,83
Abril,2092,20044,997,10294,14
Mayo,2092,20959,457,6160,101
Junio,2092,19463,1074,3148,92
Julio,2092,14072,520,2353,92
Agosto,2092,25200,229,11606,15
Septiembre,2092,52511,621,3209,49
Octubre,2092,30502,1040,9571,27
Noviembre,2092,54244,339,8300,80
Diciembre,2092,39423,1025,5039,21
Enero,2093,45538,548,9916,90
Febrero,2093,20080,264,7487,71
Marzo,2093,10222,782,11445,75
Abril,2093,46453,853,9867,32
Mayo,2093,54161,991,3145,76
Junio,2093,46511,725,9187,76
Julio,2093,50767,328,6027,34
Agosto,2093,35466,221,9158,22
Septiembre,2093,46150,1019,8704,44
Octubre,2093,44446,720,2015,14
Noviembre,2093,22702,566,7295,103
Diciembre,2093,54687,201,3070,106
Enero,2094,37485,1082,7603,29
Febrero,2094,59636,988,5885,80
Marzo,2094,54410,226,9963,69
Abril,2094,49650,307,6597,105
Mayo,2094,18687,928,10999,60
Junio,2094,40079,685,10613,52
Julio,2094,23014,664,7076,52
Agosto,2094,56614,868,2343,23
Septiembre,2094,17544,799,6186,73
Octubre,2094,39181,1031,10654,99
Noviembre,2094,16294,501,3620,91
Diciembre,2094,53587,679,5920,86
Enero,2095,26317,764,3307,97
Febrero,2095,20454,611,3298,78
Marzo,2095,15791,958,2534,105
Abril,2095,11309,1035,11813,17
Mayo,2095,54915,310,7071,19
Junio,2095,41038,761,3535,20
Julio,2095,55655,1073,4751,44
Agosto,2095,45042,1053,10904,36
Septiembre,2095,59768,308,8086,77
Octubre,2095,35684,281,8023,21
Noviembre,2095,27060,466,3390,61
Diciembre,2095,41329,202,11673,88
Enero,2096,40401,316,2335,47
Febrero,2096,30493,309,5575,108
Marzo,2096,28369,657,2305,104
Abril,2096,45132,782,7224,106
Mayo,2096,17553,1057,5283,80
Junio,2096,25439,1015,3895,18
Julio,2096,34430,986,11860,60
Agosto,2096,24671,593,2725,37
Septiembre,2096,42860,126,9223,103
Octubre,2096,18872,531,3152,100
Noviembre,2096,23559,853,10142,69
Diciembre,2096,45121,226,9437,91
Enero,2097,19494,1087,5452,51
Febrero,2097,33921,596,8069,55
Marzo,2097,46500,739,5087,92
Abril,2097,11392,934,3608,100
Mayo,2097,32125,220,10367,50
Junio,2097,48023,424,10653,61
Julio,2097,12075,442,4044,105
Agosto,2097,47757,374,11920,79
Septiembre,2097,58974,1078,5283,69
Octubre,2097,56249,773,10009,107
Noviembre,2097,27193,497,3233,49
Diciembre,2097,10475,988,4978,49
Enero,2098,35838,850,4961,87
Febrero,2098,11641,795,3766,73
Marzo,2098,22876,842,8210,91
Abril,2098,24081,867,5641,42
Mayo,2098,56825,696,9569,70
Junio,2098,30441,490,7248,15
Julio,2098,51498,374,6040,99
Agosto,2098,55562,166,11564,89
Septiembre,2098,38216,415,3498,33
Octubre,2098,19745,493,2888,36
Noviembre,2098,34506,888,6847,83
Diciembre,2098,16351,415,8645,12
Enero,2099,49098,644,8948,99
Febrero,2099,27993,792,2450,106
Marzo,2099,39030,185,5166,70
Abril,2099,54020,999,8861,40
Mayo,2099,16093,988,7536,50
Junio,2099,26238,289,7452,60
Julio,2099,41003,681,4050,20
Agosto,2099,13768,265,10341,65
Septiembre,2099,48505,220,5611,102
Octubre,2099,27618,496,9823,83
Noviembre,2099,24398,155,4389,26
Diciembre,2099,55688,190,5712,76
Enero,2100,26874,1057,9602,79
Febrero,2100,59550,456,5841,67
Marzo,2100,59907,546,6086,96
Abril,2100,55436,1077,3651,105
Mayo,2100,31908,465,3252,30
Junio,2100,55121,112,7428,55
Julio,2100,43541,936,6314,96
Agosto,2100,43151,943,10359,68
Septiembre,2100,20295,875,2630,109
Octubre,2100,55055,259,9701,34
Noviembre,2100,28912,650,11042,76
Diciembre,2100,23030,718,4242,82
Enero,2101,17540,911,5674,20
Febrero,2101,15589,631,2313,17
Marzo,2101,53873,681,8423,89
Abril,2101,15560,764,5288,72
Mayo,2101,20473,672,6875,60
Junio,2101,21723,326,11367,55
Julio,2101,19998,674,11045,33
Agosto,2101,30359,963,5132,30
Septiembre,2101,58688,168,9635,81
Octubre,2101,26067,797,2654,35
Noviembre,2101,14167,375,2812,47
Diciembre,2101,23810,162,8221,28
Enero,2102,23073,326,2245,79
Febrero,2102,43030,430,2507,70
Marzo,2102,11627,950,10123,72
Abril,2102,48143,758,2419,82
Mayo,2102,21591,247,2546,98
Junio,2102,14193,504,4629,59
Julio,2102,50482,781,4934,48
Agosto,2102,25012,326,8011,20
Septiembre,2102,52526,219,3948,13
Octubre,2102,32750,482,4533,103
Noviembre,2102,47486,802,10511,108
Diciembre,2102,12730,992,6483,91
Enero,2103,24984,623,6711,13
Febrero,2103,25051,120,5764,103
Marzo,2103,47604,873,9005,93
Abril,2103,50515,816,11568,31
Mayo,2103,11776,725,9308,45
Junio,2103,51164,1037,7371,99
Julio,2103,24199,936,11214,63
Agosto,2103,47837,620,3158,89
Septiembre,2103,37804,130,3611,37
Octubre,2103,42274,366,8299,71
Noviembre,2103,22530,769,10968,11
Diciembre,2103,57791,683,10644,79
Enero,2104,52866,350,7641,26
Febrero,2104,50680,539,11906,67
Marzo,2104,59711,551,11760,44
Abril,2104,57310,1008,11156,77
Mayo,2104,59399,1019,7028,44
Junio,2104,10707,197,3013,102
Julio,2104,18758,701,3518,74
Agosto,2104,50903,1053,8978,25
Septiembre,2104,36228,327,11368,36
Octubre,2104,39800,526,6070,18
Noviembre,2104,12328,473,5976,75
Diciembre,2104,26032,477,9985,55
Enero,2105,49834,743,10223,109
Febrero,2105,11974,596,4038,94
Marzo,2105,59103,299,9543,64
Abril,2105,58826,267,7652,49
Mayo,2105,51737,988,3270,76
Junio,2105,20421,222,6799,46
Julio,2105,48302,639,3706,70
Agosto,2105,24179,108,2858,97
Septiembre,2105,18816,185,3004,15
Octubre,2105,48177,685,6104,50
Noviembre,2105,52266,118,2830,51
Diciembre,2105,30357,887,9188,94
Enero,2106,48635,359,5692,26
Febrero,2106,57761,851,9890,59
Marzo,2106,30161,280,3348,43
Abril,2106,20273,182,11133,45
Mayo,2106,48039,238,2402,59
Junio,2106,25033,657,4002,29
Julio,2106,12081,658,3666,42
Agosto,2106,45174,325,9242,104
Septiembre,2106,16535,398,2662,14
Octubre,2106,52832,115,8253,105
Noviembre,2106,53582,1000,2954,88
Diciembre,2106,55477,857,3534,86
Enero,2107,56642,930,7811,31
Febrero,2107,34532,983,9265,88
Marzo,2107,51701,724,5516,85
Abril,2107,33263,728,5844,83
Mayo,2107,28999,848,8704,60
Junio,2107,53211,154,4301,83
Julio,2107,35141,1080,7920,19
Agosto,2107,31710,399,11851,57
Septiembre,2107,56124,490,6801,63
Octubre,2107,52654,139,4324,67
Noviembre,2107,34416,157,11936,10
Diciembre,2107,59497,238,11940,105
Enero,2108,44813,1058,6158,51
Febrero,2108,57833,507,10745,55
Marzo,2108,32944,834,11781,20
Abril,2108,43149,568,4397,33
Mayo,2108,38705,104,11305,28
Junio,2108,20946,163,5995,93
Julio,2108,53431,883,5769,36
Agosto,2108,46966,727,3946,21
Septiembre,2108,18800,312,3529,109
Octubre,2108,34290,333,2048,55
Noviembre,2108,18204,424,5183,39
Diciembre,2108,10036,362,2872,44
Enero,2109,28030,514,5566,106
Febrero,2109,58274,417,4135,41
Marzo,2109,51324,206,2659,43
Abril,2109,55804,230,7012,81
Mayo,2109,58191,277,6809,41
Junio,2109,35420,595,6028,57
Julio,2109,26991,230,11660,60
Agosto,2109,10039,717,8029,34
Septiembre,2109,15136,529,2307,23
Octubre,2109,13373,575,6954,108
Noviembre,2109,17622,126,7584,56
Diciembre,2109,56635,688,9590,87
Enero,2110,40084,468,9373,27
Febrero,2110,47973,313,8086,82
Marzo,2110,41759,315,6812,101
Abril,2110,32471,869,10528,64
Mayo,2110,12584,921,5284,72
Junio,2110,37129,474,6882,84
Julio,2110,36475,779,2515,32
Agosto,2110,55468,926,2200,22
Septiembre,2110,12776,1031,10699,56
Octubre,2110,51750,675,8397,74
Noviembre,2110,40994,997,5400,92
Diciembre,2110,42142,754,4633,94
Enero,2111,43288,678,2433,30
Febrero,2111,23134,1085,4970,33
Marzo,2111,32144,224,10038,44
Abril,2111,59081,196,5810,76
Mayo,2111,24545,1005,4404,49
Junio,2111,20625,839,6276,100
Julio,2111,52906,607,2052,90
Agosto,2111,44428,122,2645,52
Septiembre,2111,48380,666,8659,92
Octubre,2111,35361,760,6817,85
Noviembre,2111,14783,412,2861,61
Diciembre,2111,10330,470,7488,12
Enero,2112,16890,304,10616,82
Febrero,2112,44127,543,2178,46
Marzo,2112,38378,718,9528,96
Abril,2112,42775,704,7574,84
Mayo,2112,44979,580,9987,92
Junio,2112,30326,512,11155,75
Julio,2112,41023,387,6728,25
Agosto,2112,38347,391,9323,96
Septiembre,2112,29356,101,3662,24
Octubre,2112,57292,725,5623,60
Noviembre,2112,41808,634,4837,57
Diciembre,2112,48193,897,11788,54
Enero,2113,37721,410,6516,52
Febrero,2113,11892,650,4666,54
Marzo,2113,25642,791,6823,29
Abril,2113,17442,285,8734,22
Mayo,2113,52789,383,5776,27
Junio,2113,45029,612,8378,26
Julio,2113,18786,530,5666,102
Agosto,2113,32251,980,11165,56
Septiembre,2113,38103,200,8671,46
Octubre,2113,15262,222,5554,24
Noviembre,2113,25676,601,9026,34
Diciembre,2113,56007,982,11734,91
Enero,2114,44843,956,3067,21
Febrero,2114,50977,935,5487,104
Marzo,2114,16803,202,10666,44
Abril,2114,47175,280,8265,37
Mayo,2114,15585,404,11061,67
Junio,2114,15826,714,8812,66
Julio,2114,41804,645,9515,92
Agosto,2114,58831,250,3261,18
Septiembre,2114,40739,804,11536,21
Octubre,2114,23674,563,5228,109
Noviembre,2114,45273,1004,7541,96
Diciembre,2114,59063,643,10822,98
Enero,2115,15245,266,3903,62
Febrero,2115,32168,421,11097,52
Marzo,2115,16533,954,2720,79
Abril,2115,20873,331,2018,10
Mayo,2115,29667,329,3588,88
Junio,2115,36016,898,10645,61
Julio,2115,45091,565,7116,36
Agosto,2115,34748,165,9587,68
Septiembre,2115,11581,606,8470,58
Octubre,2115,15710,869,4435,13
Noviembre,2115,50117,104,2284,51
Diciembre,2115,15078,311,11283,99
Enero,2116,25652,300,10732,13
Febrero,2116,46973,753,3816,12
Marzo,2116,47459,188,2926,30
Abril,2116,23156,451,2033,65
Mayo,2116,13120,557,10520,100
Junio,2116,18095,262,2378,94
Julio,2116,59840,419,2071,83
Agosto,2116,13864,132,7276,44
Septiembre,2116,22847,695,7408,75
Octubre,2116,42325,709,2060,101
Noviembre,2116,45558,580,3935,101
Diciembre,2116,25871,665,10317,70
Enero,2117,37576,912,7679,47
Febrero,2117,25719,868,4398,87
Marzo,2117,18833,215,6208,89
Abril,2117,19766,763,2468,82
Mayo,2117,14405,111,7612,38
Junio,2117,40677,731,3621,69
Julio,2117,11339,101,6717,89
Agosto,2117,55245,817,2473,79
Septiembre,2117,20818,1045,10981,93
Octubre,2117,28430,437,3878,10
Noviembre,2117,55630,138,3713,54
Diciembre,2117,36332,953,9017,39
Enero,2118,36902,752,10461,67
Febrero,2118,33154,885,9145,97
Marzo,2118,53217,397,5923,49
Abril,2118,23705,336,11815,81
Mayo,2118,18919,1036,6395,63
Junio,2118,57819,609,5410,83
Julio,2118,28762,153,8991,31
Agosto,2118,59376,110,3493,38
Septiembre,2118,38167,1033,6557,60
Octubre,2118,47986,627,9219,66
Noviembre,2118,58560,851,4096,91
Diciembre,2118,59272,880,9880,28
Enero,2119,36620,179,5970,83
Febrero,2119,25232,1078,3243,43
Marzo,2119,21975,463,9196,21
Abril,2119,22868,929,4834,59
Mayo,2119,22046,173,2322,69
Junio,2119,39095,885,2816,90
Julio,2119,22814,1058,4051,50
Agosto,2119,41618,172,2263,105
Septiembre,2119,37953,325,2344,76
Octubre,2119,51462,526,7086,61
Noviembre,2119,59607,778,8578,64
Diciembre,2119,26224,388,4620,47
Enero,2120,17495,367,4250,24
Febrero,2120,57774,790,5139,100
Marzo,2120,55385,205,9865,74
Abril,2120,23293,169,9172,32
Mayo,2120,33396,890,6777,51
Junio,2120,46152,119,10349,15
Julio,2120,39751,100,3619,69
Agosto,2120,46655,521,2889,94
Septiembre,2120,14385,837,11841,81
Octubre,2120,29129,306,3211,37
Noviembre,2120,47883,557,4197,92
Diciembre,2120,27232,130,5694,12
Enero,2121,34281,341,8293,16
Febrero,2121,16740,267,8270,51
Marzo,2121,19358,254,10352,10
Abril,2121,54543,384,2862,19
Mayo,2121,45371,176,4696,57
Junio,2121,18444,741,6164,92
Julio,2121,24693,387,8897,99
Agosto,2121,43172,364,10132,92
Septiembre,2121,49055,1066,8502,47
Octubre,2121,26398,548,9340,65
Noviembre,2121,21201,246,3244,68
Diciembre,2121,22996,358,8821,20
Enero,2122,32297,663,4133,21
Febrero,2122,40766,547,6391,94
Marzo,2122,56188,925,7902,74
Abril,2122,46922,991,11202,104
Mayo,2122,21670,460,11918,45
Junio,2122,52373,628,8980,58
Julio,2122,52104,742,10297,10
Agosto,2122,32313,1097,11209,79
Septiembre,2122,43143,417,4655,76
Octubre,2122,13878,1069,9495,65
Noviembre,2122,17098,861,8867,47
Diciembre,2122,41484,207,5651,57
Enero,2123,56109,456,5688,96
Febrero,2123,50527,160,6401,86
Marzo,2123,45276,557,8031,49
Abril,2123,32351,427,10662,18
Mayo,2123,56864,121,6346,36
Junio,2123,38709,976,4379,101
Julio,2123,33361,277,4539,16
Agosto,2123,18565,652,11185,25
Septiembre,2123,15201,289,8258,51
Octubre,2123,25704,452,8407,89
Noviembre,2123,49529,313,7372,56
Diciembre,2123,55839,864,6008,103
Enero,2124,36527,1051,7321,20
Febrero,2124,19545,613,11831,104
Marzo,2124,49305,1070,9835,84
Abril,2124,59142,832,11031,24
Mayo,2124,58281,583,5234,96
Junio,2124,42549,895,5621,98
Julio,2124,39316,680,5145,74
Agosto,2124,59564,953,8546,37
Septiembre,2124,54007,747,7533,73
Octubre,2124,26320,201,2923,18
Noviembre,2124,34658,856,10516,38
Diciembre,2124,15406,169,9397,19
Enero,2125,22319,491,2344,48
Febrero,2125,29167,1000,7529,25
Marzo,2125,15997,201,9384,41
Abril,2125,53288,1042,4733,18
Mayo,2125,48006,378,4799,33
Junio,2125,34539,212,2434,19
Julio,2125,52358,995,2120,34
Agosto,2125,37771,321,5410,96
Septiembre,2125,26050,859,4733,45
Octubre,2125,36628,810,10862,57
Noviembre,2125,25816,539,6054,68
Diciembre,2125,44163,1052,11842,101
Enero,2126,27416,612,11935,25
Febrero,2126,24066,904,11513,109
Marzo,2126,17739,722,2281,52
Abril,2126,59462,762,8506,89
Mayo,2126,59969,281,10485,89
Junio,2126,42960,808,2075,95
Julio,2126,15872,132,10377,65
Agosto,2126,22841,734,5462,83
Septiembre,2126,51389,396,11669,104
Octubre,2126,37370,698,7040,23
Noviembre,2126,52385,730,8907,76
Diciembre,2126,33540,661,11539,50
Enero,2127,42003,222,6497,76
Febrero,2127,53462,1099,8698,105
Marzo,2127,55194,378,9634,91
Abril,2127,47003,526,3136,88
Mayo,2127,41457,523,3225,85
Junio,2127,22654,989,4698,106
Julio,2127,44176,502,8063,81
Agosto,2127,59330,1099,2623,71
Septiembre,2127,46767,663,3113,108
Octubre,2127,54819,843,10739,94
Noviembre,2127,23554,739,5693,96
Diciembre,2127,14221,165,10116,89
Enero,2128,15103,161,11112,54
Febrero,2128,41099,344,7212,27
Marzo,2128,40773,557,2752,40
Abril,2128,53375,784,3941,94
Mayo,2128,46935,688,9463,55
Junio,2128,31735,707,2120,27
Julio,2128,30994,107,5139,80
Agosto,2128,39820,918,6160,107
Septiembre,2128,46288,644,8707,80
Octubre,2128,30415,1033,5260,53
Noviembre,2128,32276,346,10762,107
Diciembre,2128,58803,1081,8268,90
Enero,2129,23178,817,9694,10
Febrero,2129,21506,773,3924,60
Marzo,2129,50058,593,4717,100
Abril,2129,57267,739,9114,64
Mayo,2129,56806,623,3825,38
Junio,2129,15077,686,4804,107
Julio,2129,14000,586,11419,77
Agosto,2129,14748,477,6552,64
Septiembre,2129,39035,665,3759,43
Octubre,2129,28294,855,4692,54
Noviembre,2129,38611,280,8838,50
Diciembre,2129,26476,972,4944,56
Enero,2130,59961,443,4083,72
Febrero,2130,56394,992,2051,25
Marzo,2130,12457,993,2896,86
Abril,2130,20146,621,3596,108
Mayo,2130,13585,705,9064,15
Junio,2130,48005,352,11391,16
Julio,2130,18177,606,4327,107
Agosto,2130,46087,1054,3620,77
Septiembre,2130,34268,922,3299,51
Octubre,2130,59453,114,8198,51
Noviembre,2130,37294,407,8031,97
Diciembre,2130,24387,156,6347,86
Enero,2131,37163,561,3409,20
Febrero,2131,57015,270,6485,20
Marzo,2131,46600,677,11256,50
Abril,2131,10503,678,4574,24
Mayo,2131,25262,589,11204,90
Junio,2131,46366,108,10179,69
Julio,2131,50947,397,10239,29
Agosto,2131,31229,293,10168,46
Septiembre,2131,11767,197,6802,17
Octubre,2131,41661,1045,8692,11
Noviembre,2131,26177,1065,7558,87
Diciembre,2131,26247,664,4210,71
Enero,2132,57079,425,8185,103
Febrero,2132,44042,545,4308,103
Marzo,2132,15897,169,9121,40
Abril,2132,13814,854,8157,42
Mayo,2132,38346,450,9012,31
Junio,2132,28689,641,10896,67
Julio,2132,14677,401,7572,97
Agosto,2132,28493,853,4917,61
Septiembre,2132,53228,145,10485,14
Octubre,2132,36483,906,6650,92
Noviembre,2132,11142,1065,4023,31
Diciembre,2132,51782,1035,3787,109
Enero,2133,54631,394,6748,61
Febrero,2133,53017,540,8237,86
Marzo,2133,12242,193,10125,36
Abril,2133,14244,233,10756,49
Mayo,2133,57747,368,2169,75
Junio,2133,14656,261,6500,52
Julio,2133,54303,581,6317,12
Agosto,2133,53911,445,3689,36
Septiembre,2133,39752,625,11897,41
Octubre,2133,56841,716,9093,87
Noviembre,2133,41270,793,9476,80
Diciembre,2133,31674,156,2951,90
Enero,2134,56046,1084,3317,18
Febrero,2134,21627,740,5366,99
Marzo,2134,55776,1026,11662,29
Abril,2134,26865,821,4077,71
Mayo,2134,43835,163,7183,88
Junio,2134,41453,639,4079,71
Julio,2134,50688,935,8342,49
Agosto,2134,57576,778,9673,51
Septiembre,2134,44372,719,2134,51
Octubre,2134,58773,252,10308,109
Noviembre,2134,16813,117,11080,63
Diciembre,2134,58537,409,11300,61
Enero,2135,57463,183,6244,41
Febrero,2135,30478,929,7704,66
Marzo,2135,48240,421,5725,25
Abril,2135,53452,383,2192,41
Mayo,2135,57667,200,5279,50
Junio,2135,53954,417,3048,62
Julio,2135,48020,622,10686,99
Agosto,2135,19083,856,5216,50
Septiembre,2135,26126,566,2992,83
Octubre,2135,43117,717,8610,21
Noviembre,2135,26266,436,10039,85
Diciembre,2135,21111,1078,4520,42
Enero,2136,29684,185,3029,53
Febrero,2136,44994,734,10475,12
Marzo,2136,23186,651,6534,22
Abril,2136,47298,692,2440,69
Mayo,2136,54345,738,2605,62
Junio,2136,18810,934,9407,14
Julio,2136,52076,1051,5721,90
Agosto,2136,16753,1008,9085,99
Septiembre,2136,49559,271,9528,18
Octubre,2136,18513,680,10922,43
Noviembre,2136,41317,597,4786,87
Diciembre,2136,30223,1043,8023,49
Enero,2137,18252,953,7414,27
Febrero,2137,22309,886,9868,41
Marzo,2137,31468,478,5409,69
Abril,2137,13383,965,10179,24
Mayo,2137,39466,658,2959,100
Junio,2137,56269,668,6545,35
Julio,2137,30087,398,2377,95
Agosto,2137,52716,1065,4395,94
Septiembre,2137,51752,271,7422,97
Octubre,2137,19159,267,9244,70
Noviembre,2137,35397,109,3900,70
Diciembre,2137,31382,230,2406,94
Enero,2138,20652,647,4991,61
Febrero,2138,30831,944,3206,104
Marzo,2138,19825,156,5497,53
Abril,2138,53504,975,6145,14
Mayo,2138,45200,750,11316,102
Junio,2138,22512,815,10855,18
Julio,2138,53467,391,2423,37
Agosto,2138,49561,883,7069,41
Septiembre,2138,29982,153,2968,70
Octubre,2138,33373,774,6788,103
Noviembre,2138,23395,269,3788,97
Diciembre,2138,55243,274,10253,34
Enero,2139,22135,483,8928,20
Febrero,2139,17224,1078,10264,23
Marzo,2139,49113,172,4642,25
Abril,2139,38404,409,7753,43
Mayo,2139,31710,845,6298,46
Junio,2139,37718,390,5691,82
Julio,2139,18924,485,2680,10
Agosto,2139,24661,798,6013,59
Septiembre,2139,54368,765,7502,76
Octubre,2139,42222,310,7361,18
Noviembre,2139,40452,311,5536,62
Diciembre,2139,38018,537,6996,67
Enero,2140,29404,459,9908,18
Febrero,2140,52250,512,6146,63
Marzo,2140,52442,484,8065,98
Abril,2140,27986,540,9298,30
Mayo,2140,18835,511,4481,94
Junio,2140,50000,960,8998,102
Julio,2140,53427,521,11597,95
Agosto,2140,47358,601,6026,105
Septiembre,2140,36701,339,10650,55
Octubre,2140,36209,113,8047,13
Noviembre,2140,41746,734,9741,41
Diciembre,2140,39674,1046,9422,70
Enero,2141,30598,874,2222,33
Febrero,2141,53185,741,6881,107
Marzo,2141,22939,977,11096,39
Abril,2141,29615,454,3728,65
Mayo,2141,51887,772,10350,35
Junio,2141,24520,1080,2902,80
Julio,2141,41918,928,6738,44
Agosto,2141,55565,811,4934,107
Septiembre,2141,46190,879,7172,30
Octubre,2141,16848,157,9873,40
Noviembre,2141,14930,695,11190,86
Diciembre,2141,58957,553,10032,46
Enero,2142,53602,302,2686,66
Febrero,2142,54244,707,5440,61
Marzo,2142,48862,979,8876,35
Abril,2142,18397,618,4043,57
Mayo,2142,24653,110,2263,51
Junio,2142,53543,792,4596,66
Julio,2142,46578,515,5238,45
Agosto,2142,38277,152,2128,13
Septiembre,2142,32979,834,5035,79
Octubre,2142,24572,229,7373,90
Noviembre,2142,34347,583,8729,89
Diciembre,2142,58607,627,11779,78
Enero,2143,32270,1015,7116,94
Febrero,2143,14346,338,4374,50
Marzo,2143,49111,709,10778,32
Abril,2143,48318,789,3866,73
Mayo,2143,20197,1064,3546,10
Junio,2143,50109,189,8294,35
Julio,2143,17103,1031,6107,36
Agosto,2143,52866,836,8754,51
Septiembre,2143,43316,402,8512,52
Octubre,2143,12307,825,7835,102
Noviembre,2143,42420,480,9395,11
Diciembre,2143,40578,689,2491,39
Enero,2144,37018,391,7617,31
Febrero,2144,41988,151,3179,108
Marzo,2144,23530,1040,7958,88
Abril,2144,30033,692,8837,24
Mayo,2144,16698,263,11962,100
Junio,2144,12250,139,8657,97
Julio,2144,40142,967,2203,79
Agosto,2144,52071,388,4997,53
Septiembre,2144,52476,319,10440,58
Octubre,2144,47284,934,9346,67
Noviembre,2144,40442,660,3641,74
Diciembre,2144,24625,960,8701,77
Enero,2145,45307,384,8051,47
Febrero,2145,33399,354,8440,91
Marzo,2145,29814,1087,5625,68
Abril,2145,15931,149,3584,25
Mayo,2145,33066,648,6159,18
Junio,2145,11418,522,10303,96
Julio,2145,23120,373,4661,44
Agosto,2145,16097,474,9223,10
Septiembre,2145,22295,423,5410,32
Octubre,2145,37920,600,11334,95
Noviembre,2145,42237,342,2202,94
Diciembre,2145,24170,181,10598,55
Enero,2146,17947,586,3974,95
Febrero,2146,23349,151,10895,25
Marzo,2146,59154,161,4007,25
Abril,2146,20506,892,3179,104
Mayo,2146,10082,335,9996,55
Junio,2146,47705,253,5033,67
Julio,2146,21636,1090,6301,98
Agosto,2146,46625,416,3983,98
Septiembre,2146,49228,329,7494,42
Octubre,2146,47418,765,9732,28
Noviembre,2146,39721,775,4555,34
Diciembre,2146,42011,687,3317,59
Enero,2147,31232,896,4966,51
Febrero,2147,46067,898,9192,73
Marzo,2147,20311,974,5702,83
Abril,2147,20082,426,8568,43
Mayo,2147,23443,726,3742,78
Junio,2147,27453,1058,2581,59
Julio,2147,53966,345,11460,74
Agosto,2147,40207,882,6458,97
Septiembre,2147,39621,507,8637,41
Octubre,2147,23867,573,6250,25
Noviembre,2147,13182,982,11744,43
Diciembre,2147,22476,128,8600,23
Enero,2148,35149,144,8718,45
Febrero,2148,25521,386,4504,54
Marzo,2148,13726,317,2083,54
Abril,2148,20523,1046,7804,55
Mayo,2148,37280,908,9065,36
Junio,2148,58208,120,5275,75
Julio,2148,20237,638,8631,79
Agosto,2148,12802,1080,11073,97
Septiembre,2148,29082,272,4687,68
Octubre,2148,25821,921,3819,72
Noviembre,2148,11347,498,3070,20
Diciembre,2148,12582,629,11736,31
Enero,2149,19741,889,8038,69
Febrero,2149,35201,792,9240,96
Marzo,2149,53054,829,4633,80
Abril,2149,35992,1025,5367,46
Mayo,2149,49047,194,9148,72
Junio,2149,22527,346,10004,39
Julio,2149,16216,1028,4153,12
Agosto,2149,19842,493,6020,67
Septiembre,2149,31687,315,9476,86
Octubre,2149,54402,141,4697,96
Noviembre,2149,43726,264,10310,60
Diciembre,2149,21522,378,10189,79
Enero,2150,57491,363,11572,37
Febrero,2150,12274,173,2564,104
Marzo,2150,20061,104,7400,64
Abril,2150,25432,186,3499,15
Mayo,2150,43865,973,5799,97
Junio,2150,18329,634,11107,93
Julio,2150,27887,678,10645,27
Agosto,2150,49241,137,9672,55
Septiembre,2150,23726,508,11729,53
Octubre,2150,30525,970,10042,75
Noviembre,2150,33996,844,5768,45
Diciembre,2150,17303,582,4631,55
Enero,2151,35990,928,9896,77
Febrero,2151,54271,1092,4596,102
Marzo,2151,18172,194,7522,52
Abril,2151,53089,854,10070,63
Mayo,2151,52028,460,2136,39
Junio,2151,23177,436,5441,58
Julio,2151,23678,625,10627,43
Agosto,2151,11785,597,2398,68
Septiembre,2151,54017,978,6004,98
Octubre,2151,20953,270,9735,39
Noviembre,2151,19123,791,9180,15
Diciembre,2151,13629,626,5083,43
Enero,2152,26196,898,3345,38
Febrero,2152,41342,606,2538,52
Marzo,2152,12528,887,7906,34
Abril,2152,12454,924,4828,34
Mayo,2152,40183,790,11508,20
Junio,2152,33249,407,2037,15
Julio,2152,45184,564,5599,35
Agosto,2152,11293,101,6552,78
Septiembre,2152,42269,248,10455,34
Octubre,2152,43626,538,6841,34
Noviembre,2152,13693,272,7550,68
Diciembre,2152,10087,585,4755,98
Enero,2153,39652,504,9355,33
Febrero,2153,14299,965,6925,44
Marzo,2153,11042,198,7062,88
Abril,2153,10654,296,10246,47
Mayo,2153,55973,258,10010,82
Junio,2153,40407,299,11302,15
Julio,2153,28794,533,4083,80
Agosto,2153,10904,554,11825,96
Septiembre,2153,37449,193,4904,82
Octubre,2153,29281,549,6657,72
Noviembre,2153,38097,321,2509,59
Diciembre,2153,36909,923,9118,93
Enero,2154,24936,937,5251,57
Febrero,2154,52369,968,8356,68
Marzo,2154,58191,569,6905,104
Abril,2154,48217,130,3851,58
Mayo,2154,27045,531,8168,23
Junio,2154,28221,152,7009,71
Julio,2154,25718,689,4763,44
Agosto,2154,45141,961,8525,72
Septiembre,2154,13049,1090,11103,59
Octubre,2154,49006,365,8267,14
Noviembre,2154,41884,719,9336,50
Diciembre,2154,20073,378,5817,66
Enero,2155,49121,790,11845,109
Febrero,2155,45121,142,11786,89
Marzo,2155,18087,283,3363,102
Abril,2155,57742,654,9405,25
Mayo,2155,23874,182,9888,105
Junio,2155,41355,330,4081,39
Julio,2155,48115,493,6334,62
Agosto,2155,19806,211,7398,38
Septiembre,2155,54766,960,9468,103
Octubre,2155,17420,829,4451,84
Noviembre,2155,17642,799,11373,95
Diciembre,2155,45758,375,8192,50
Enero,2156,50403,858,5174,76
Febrero,2156,19228,220,6044,42
Marzo,2156,25253,411,11617,40
Abril,2156,21571,224,9065,57
Mayo,2156,42148,904,10492,28
Junio,2156,28608,402,11144,39
Julio,2156,16052,455,8171,16
Agosto,2156,34884,1082,5637,11
Septiembre,2156,46914,715,3717,64
Octubre,2156,25605,1037,8609,12
Noviembre,2156,32586,747,8145,26
Diciembre,2156,34288,193,10594,55
Enero,2157,24467,764,7595,64
Febrero,2157,32810,597,7853,34
Marzo,2157,35660,747,6407,101
Abril,2157,57722,142,8447,96
Mayo,2157,32846,1002,9405,104
Junio,2157,55645,412,5735,18
Julio,2157,36343,239,5689,56
Agosto,2157,17727,600,5574,22
Septiembre,2157,10550,251,3366,71
Octubre,2157,38117,686,5701,51
Noviembre,2157,41956,979,10952,108
Diciembre,2157,11400,401,5387,91
Enero,2158,11088,398,6512,12
Febrero,2158,32013,464,6795,65
Marzo,2158,42462,308,4500,103
Abril,2158,16131,511,2351,78
Mayo,2158,54805,523,9752,25
Junio,2158,48445,637,10556,38
Julio,2158,38249,676,3995,63
Agosto,2158,13605,342,4188,88
Septiembre,2158,53785,973,11757,98
Octubre,2158,40004,508,7337,91
Noviembre,2158,10212,378,11097,51
Diciembre,2158,48202,200,9112,61
Enero,2159,52191,684,4508,61
Febrero,2159,21135,523,3354,98
Marzo,2159,30797,747,2015,46
Abril,2159,20055,773,7729,101
Mayo,2159,19001,468,3426,56
Junio,2159,23378,131,9388,26
Julio,2159,36258,1083,3163,15
Agosto,2159,20064,515,5000,107
Septiembre,2159,26842,813,4743,49
Octubre,2159,33738,686,3154,81
Noviembre,2159,41191,455,8452,57
Diciembre,2159,27210,1036,5741,61
Enero,2160,26355,1072,8653,99
Febrero,2160,10331,244,9493,74
Marzo,2160,28843,1084,6844,96
Abril,2160,24774,465,8309,100
Mayo,2160,59071,495,7224,92
Junio,2160,53461,255,3954,61
Julio,2160,56275,689,5478,36
Agosto,2160,58753,330,6202,30
Septiembre,2160,17143,134,2809,33
Octubre,2160,27493,825,3370,49
Noviembre,2160,14141,326,4160,93
Diciembre,2160,15106,121,2056,10
Enero,2161,22178,210,5825,23
Febrero,2161,50574,217,8837,83
Marzo,2161,11995,656,11349,85
Abril,2161,21158,453,6709,34
Mayo,2161,21359,803,10333,54
Junio,2161,20386,794,3004,11
Julio,2161,30837,495,10786,79
Agosto,2161,37621,300,4863,46
Septiembre,2161,26868,453,3709,69
Octubre,2161,10176,333,9865,19
Noviembre,2161,22043,1057,10999,30
Diciembre,2161,58963,573,4335,44
Enero,2162,15089,1045,2791,60
Febrero,2162,39194,227,8735,42
Marzo,2162,44369,520,11882,10
Abril,2162,32620,135,10079,83
Mayo,2162,40022,1036,5938,23
Junio,2162,21150,965,7255,102
Julio,2162,35963,873,7250,17
Agosto,2162,39549,670,5045,77
Septiembre,2162,27879,430,8244,11
Octubre,2162,50649,911,7656,76
Noviembre,2162,36710,446,11801,12
Diciembre,2162,51891,863,5624,49
Enero,2163,15426,664,6699,86
Febrero,2163,43268,799,7307,94
Marzo,2163,27801,782,11136,95
Abril,2163,14774,888,11180,31
Mayo,2163,44526,1069,6909,39
Junio,2163,28143,427,5676,109
Julio,2163,32546,583,3743,84
Agosto,2163,57123,781,6276,84
Septiembre,2163,54354,684,4060,27
Octubre,2163,52745,447,3263,22
Noviembre,2163,55051,227,5805,42
Diciembre,2163,27209,128,2023,100
Enero,2164,36144,741,5796,49
Febrero,2164,11842,962,4979,70
Marzo,2164,13557,926,2342,56
Abril,2164,55284,987,5867,55
Mayo,2164,24109,501,2874,78
Junio,2164,16344,868,11731,75
Julio,2164,57967,707,8591,82
Agosto,2164,19166,126,3345,33
Septiembre,2164,38645,279,5176,104
Octubre,2164,47688,994,8722,85
Noviembre,2164,37861,872,6931,52
Diciembre,2164,40665,746,5217,73
Enero,2165,58315,677,4835,51
Febrero,2165,45603,1041,3131,12
Marzo,2165,53990,841,9860,60
Abril,2165,30921,297,6124,34
Mayo,2165,50387,373,6723,57
Junio,2165,50116,495,6196,91
Julio,2165,59859,459,11078,49
Agosto,2165,53408,622,3546,62
Septiembre,2165,31635,426,7410,34
Octubre,2165,41607,289,8979,29
Noviembre,2165,22303,722,4626,81
Diciembre,2165,27345,327,8748,89
Enero,2166,54526,475,10572,81
Febrero,2166,53717,546,4429,73
Marzo,2166,49871,626,6842,100
Abril,2166,35666,452,5252,11
Mayo,2166,16177,695,9140,30
Junio,2166,53219,947,7412,80
Julio,2166,58311,465,10531,82
Agosto,2166,25822,842,6303,15
Septiembre,2166,10585,187,7001,37
Octubre,2166,39272,657,8915,68
Noviembre,2166,42617,534,3408,58
Diciembre,2166,29225,800,10400,74
Enero,2167,44543,631,6718,56
Febrero,2167,35024,145,10241,79
Marzo,2167,22226,977,10703,91
Abril,2167,28854,612,5982,14
Mayo,2167,39048,207,8572,37
Junio,2167,42030,678,4903,22
Julio,2167,38256,1071,8850,29
Agosto,2167,48443,866,11779,68
Septiembre,2167,51112,1045,7592,94
Octubre,2167,28395,1047,4411,56
Noviembre,2167,26218,109,8357,84
Diciembre,2167,54326,891,3342,30
Enero,2168,30324,497,7848,66
Febrero,2168,17041,348,8432,60
Marzo,2168,20548,912,3969,10
Abril,2168,10542,789,11094,106
Mayo,2168,28894,669,2774,90
Junio,2168,35396,1062,9579,77
Julio,2168,31122,926,11351,48
Agosto,2168,29946,961,2749,53
Septiembre,2168,51609,948,6146,51
Octubre,2168,23186,669,10147,33
Noviembre,2168,10296,1059,5356,32
Diciembre,2168,55208,352,11262,58
Enero,2169,59235,512,5015,101
Febrero,2169,44007,1059,6783,66
Marzo,2169,30862,706,9750,41
Abril,2169,58440,720,2816,52
Mayo,2169,44438,873,10775,15
Junio,2169,41237,1032,9437,12
Julio,2169,45868,275,6640,40
Agosto,2169,21420,169,3901,95
Septiembre,2169,47706,180,3351,13
Octubre,2169,29100,139,11234,97
Noviembre,2169,24310,271,6180,72
Diciembre,2169,54327,226,5753,43
Enero,2170,53524,414,10889,72
Febrero,2170,28141,421,5972,17
Marzo,2170,30301,577,7364,34
Abril,2170,42601,473,6296,98
Mayo,2170,37472,924,5882,35
Junio,2170,46251,134,7672,57
Julio,2170,28553,1070,10086,38
Agosto,2170,39019,311,6775,74
Septiembre,2170,43263,400,5725,85
Octubre,2170,42817,849,11708,63
Noviembre,2170,52952,971,7196,37
Diciembre,2170,13514,864,10407,63
Enero,2171,37323,622,4099,75
Febrero,2171,34674,975,9670,85
Marzo,2171,53535,469,2405,38
Abril,2171,47756,605,9351,95
Mayo,2171,38654,669,11123,97
Junio,2171,53120,1047,4064,34
Julio,2171,43250,888,4915,108
Agosto,2171,50647,975,9263,38
Septiembre,2171,19262,1059,8567,20
Octubre,2171,12005,992,9109,62
Noviembre,2171,38679,983,9418,57
Diciembre,2171,11614,457,11623,81
Enero,2172,48417,949,3677,69
Febrero,2172,43739,644,7476,42
Marzo,2172,21701,446,2439,80
Abril,2172,14880,118,9733,94
Mayo,2172,56922,288,9894,57
Junio,2172,18277,765,2454,107
Julio,2172,51457,334,2365,33
Agosto,2172,33912,531,11955,80
Septiembre,2172,46593,671,2781,98
Octubre,2172,27740,590,5314,16
Noviembre,2172,26830,542,5550,33
Diciembre,2172,33965,1086,10123,58
Enero,2173,43141,1026,11042,58
Febrero,2173,43496,959,6191,90
Marzo,2173,35435,212,7451,75
Abril,2173,12857,347,10048,54
Mayo,2173,26153,120,6987,22
Junio,2173,18084,349,8841,15
Julio,2173,26398,639,11689,76
Agosto,2173,57127,342,7818,73
Septiembre,2173,32331,133,2504,57
Octubre,2173,31498,671,11451,38
Noviembre,2173,35572,572,11508,75
Diciembre,2173,29249,626,5003,10
Enero,2174,49633,999,3890,60
Febrero,2174,51649,720,8907,23
Marzo,2174,45992,323,10864,21
Abril,2174,29735,1014,5157,70
Mayo,2174,54104,382,10823,47
Junio,2174,38909,253,4252,106
Julio,2174,36327,758,8867,92
Agosto,2174,28544,492,7266,102
Septiembre,2174,35615,157,4092,77
Octubre,2174,10507,1087,8937,42
Noviembre,2174,25942,824,11417,19
Diciembre,2174,26804,451,4407,81
Enero,2175,12822,767,4750,81
Febrero,2175,19524,704,2636,41
Marzo,2175,52815,769,11010,45
Abril,2175,16399,356,11666,28
Mayo,2175,12605,551,11187,104
Junio,2175,43423,1004,9953,13
Julio,2175,23726,985,6395,26
Agosto,2175,38346,222,8944,74
Septiembre,2175,55188,596,3215,65
Octubre,2175,16838,601,7505,74