usuario_id,sesiones_semana,matches_realizados,fotos_subidas,resenas_escritas,amigos_invitados,notificaciones_abiertas,dias_desde_registro,edad,conversion_premium
1,5,1,2,4,0,25.7,39,28,0
2,4,2,1,3,1,39.7,50,18,1
3,4,5,4,0,2,40.8,78,25,1
4,4,6,2,0,0,15.1,126,21,0
5,2,6,2,1,0,32.8,165,21,0
6,5,3,1,1,0,19.4,109,28,1
7,2,4,4,1,0,41.9,88,25,1
8,5,3,1,1,0,39.6,15,26,0
9,3,2,3,0,0,11.1,51,23,0
10,5,5,2,1,0,29.2,23,34,0
11,7,4,1,1,0,11.4,153,28,1
12,1,2,1,2,3,27.5,174,20,0
13,4,0,0,0,1,77.8,151,31,0
14,3,0,1,3,0,16.6,10,26,0
15,3,5,1,3,0,27.7,73,33,0
16,0,6,1,0,2,27.3,113,27,0
17,5,1,3,2,0,19.3,77,24,0
18,4,2,2,5,0,37.9,32,25,0
19,6,5,3,2,0,70.9,113,25,1
20,7,4,0,0,0,21.8,179,30,0
21,1,3,1,3,0,19.3,169,24,0
22,5,2,1,0,1,52.9,65,34,0
23,2,0,5,1,0,26.0,101,29,0
24,6,4,5,2,0,30.5,168,29,0
25,6,5,3,0,0,9.7,18,28,1
26,4,2,3,1,1,18.8,164,27,0
27,3,3,2,2,4,6.6,31,21,1
28,5,7,2,1,1,18.8,54,29,0
29,5,5,2,0,2,17.9,63,37,0
30,2,3,0,1,4,27.4,1,31,1
31,1,1,2,3,2,43.3,9,30,1
32,3,3,1,3,2,34.4,120,20,1
33,6,4,2,0,0,5.4,92,33,0
34,4,1,2,5,2,13.9,90,32,1
35,2,3,4,4,0,18.3,116,33,0
36,2,3,4,2,3,24.7,56,23,0
37,3,4,2,0,0,4.9,175,26,0
38,4,1,2,1,0,45.8,3,20,0
39,4,2,4,0,0,15.9,130,20,0
40,4,3,2,1,1,15.1,54,25,0
41,9,2,4,1,1,29.6,37,30,0
42,1,1,0,3,2,6.8,159,25,1
43,2,1,0,1,1,8.7,97,24,1
44,2,3,2,0,0,27.7,12,29,0
45,4,0,2,1,0,26.9,112,18,0
46,6,3,3,2,0,42.9,154,25,1
47,3,1,3,0,1,6.7,78,29,0
48,7,1,4,2,0,52.0,140,25,0
49,4,7,1,0,0,25.6,90,34,0
50,6,3,2,1,2,19.1,144,24,0
51,8,2,1,1,1,22.8,72,25,1
52,5,4,1,3,1,57.4,177,23,1
53,7,4,5,1,1,25.1,177,24,0
54,7,0,1,1,2,34.8,92,29,1
55,7,3,3,2,0,9.7,7,32,0
56,2,3,1,4,2,18.2,15,38,1
57,3,7,0,2,0,41.2,105,30,1
58,2,3,1,1,0,14.6,164,22,0
59,3,2,0,1,2,42.5,72,34,0
60,2,4,1,0,1,20.7,74,30,0
61,7,2,3,2,2,60.5,143,28,0
62,2,2,2,2,2,57.0,62,33,0
63,3,3,1,2,1,37.0,146,39,0
64,2,0,3,1,1,10.1,46,27,0
65,4,0,3,2,0,4.9,105,23,0
66,6,3,0,2,0,8.6,109,34,0
67,1,4,2,2,0,14.8,61,41,0
68,1,6,1,1,1,44.8,121,28,0
69,3,4,2,3,0,13.1,43,28,0
70,3,2,0,3,1,32.3,172,28,0
71,4,2,3,1,3,20.7,99,30,0
72,5,8,2,3,2,33.1,55,20,0
73,2,4,4,2,0,24.2,167,29,1
74,8,3,1,4,0,19.1,133,29,0
75,3,1,4,2,0,5.5,112,29,0
76,1,2,1,3,3,22.4,143,28,0
77,2,1,1,1,0,30.2,91,28,0
78,2,3,0,3,0,22.2,16,18,0
79,4,4,4,1,1,10.1,57,24,0
80,6,0,4,3,0,17.2,102,32,0
81,7,2,2,0,2,55.2,25,33,1
82,6,5,2,0,2,28.7,22,25,1
83,2,5,2,1,1,23.4,159,23,0
84,5,3,2,2,3,10.9,123,31,1
85,5,1,4,1,0,39.0,162,29,0
86,4,3,0,0,0,40.6,87,27,0
87,4,2,4,2,1,47.1,144,32,0
88,3,5,1,0,0,25.1,143,22,0
89,2,1,1,3,0,63.9,82,33,1
90,3,3,2,2,0,39.8,102,20,0
91,8,3,3,2,0,18.6,141,23,0
92,5,4,2,1,1,14.0,24,22,1
93,0,2,7,0,0,20.8,141,25,0
94,2,2,5,0,2,23.5,36,29,0
95,5,1,2,1,0,15.8,49,31,0
96,4,0,3,2,1,46.4,82,27,0
97,5,2,2,4,1,14.2,48,21,0
98,9,2,2,3,0,29.5,97,18,1
99,6,1,2,3,1,42.6,102,32,0
100,3,5,2,2,1,21.9,171,31,0
101,7,7,2,1,1,27.3,6,33,1
102,8,2,1,0,1,49.7,68,27,1
103,1,2,0,2,0,6.2,14,31,0
104,8,2,5,0,3,15.1,30,24,0
105,2,1,5,4,0,45.0,110,30,0
106,10,2,1,2,0,3.4,8,25,1
107,6,2,2,0,0,41.9,66,23,0
108,8,5,0,0,0,69.9,132,29,0
109,1,0,1,1,1,5.1,84,28,0
110,4,3,2,1,1,13.8,120,32,0
111,0,2,0,2,3,48.3,53,21,0
112,5,5,2,0,1,17.3,99,32,0
113,6,3,4,0,0,20.3,74,28,0
114,6,5,3,1,0,37.2,143,33,0
115,2,6,3,2,1,24.5,100,33,0
116,1,3,5,1,2,15.1,129,18,0
117,2,5,3,3,1,21.5,150,33,0
118,4,2,6,1,0,8.5,15,33,0
119,2,0,1,1,1,4.8,22,21,0
120,2,6,4,3,1,28.5,178,20,1
121,1,5,0,2,0,19.4,48,31,0
122,3,3,2,2,1,6.5,117,28,1
123,3,6,4,1,0,14.8,73,24,0
124,3,3,2,3,0,12.0,120,35,0
125,4,1,3,2,0,43.2,179,29,0
126,5,0,0,2,1,8.8,17,18,0
127,1,2,0,2,1,39.6,106,22,1
128,5,2,2,1,0,19.6,83,33,0
129,3,4,5,2,0,24.0,104,28,0
130,1,5,1,1,2,32.4,91,24,0
131,2,1,1,0,0,18.1,179,30,0
132,5,4,2,2,1,54.6,165,24,1
133,4,3,2,1,1,19.7,49,21,1
134,4,2,1,4,1,25.7,59,33,0
135,3,3,0,2,1,9.7,138,33,0
136,2,2,3,1,1,35.5,30,30,0
137,2,3,1,0,3,6.0,85,20,1
138,3,5,1,0,0,22.9,21,37,1
139,6,2,1,2,2,19.5,34,37,0
140,5,5,2,1,0,18.9,73,34,0
141,4,1,2,1,0,32.4,98,29,0
142,2,0,2,2,2,44.0,178,28,0
143,3,4,0,0,0,1.4,76,30,0
144,2,6,3,4,1,28.8,175,22,0
145,1,4,4,1,1,37.7,85,25,1
146,7,3,1,0,1,10.6,84,25,0
147,5,5,5,2,1,26.5,134,31,1
148,3,2,2,0,1,17.0,178,29,1
149,5,2,1,0,3,45.7,109,23,0
150,3,2,3,0,1,17.3,63,20,0
151,6,4,2,0,2,30.7,12,29,0
152,4,3,1,4,1,26.6,169,22,1
153,5,5,2,2,0,31.5,159,21,0
154,5,2,1,4,0,34.4,2,38,0
155,4,2,4,1,0,27.3,144,39,0
156,2,3,3,2,3,31.7,129,25,1
157,5,3,3,1,1,40.8,132,18,0
158,4,4,5,0,0,32.9,47,34,0
159,6,1,1,1,2,44.6,52,29,0
160,4,0,3,2,2,8.4,47,31,0
161,5,1,3,2,0,33.2,99,24,0
162,0,4,5,2,1,15.0,50,22,0
163,8,3,2,1,1,40.9,45,26,0
164,5,4,0,1,0,11.9,42,28,0
165,7,1,2,2,1,48.4,71,24,0
166,2,5,4,0,1,28.3,57,34,1
167,0,3,1,0,0,49.4,33,19,0
168,5,4,4,1,1,55.1,156,30,1
169,4,4,2,2,2,23.8,114,28,0
170,4,4,1,3,1,22.6,44,34,0
171,2,1,2,2,0,32.0,114,23,0
172,3,4,2,1,0,26.3,56,31,0
173,3,3,2,2,0,26.5,44,30,0
174,3,2,3,1,1,41.6,96,29,0
175,3,5,4,3,1,43.4,73,23,0
176,2,4,2,1,2,9.8,34,24,0
177,5,3,0,0,0,46.7,14,26,1
178,4,4,2,1,2,2.8,157,25,1
179,3,4,2,0,1,16.0,125,34,1
180,3,3,1,3,1,31.6,79,28,0
181,3,1,1,1,1,11.8,145,31,1
182,2,2,1,2,2,29.8,83,20,0
183,2,0,1,1,0,42.6,137,18,0
184,6,4,2,4,3,47.1,27,27,0
185,2,1,1,0,1,25.6,177,21,0
186,1,5,2,0,1,28.3,165,28,0
187,1,1,4,2,1,57.3,156,23,0
188,5,4,4,1,0,13.3,50,29,0
189,4,1,2,2,1,28.8,55,24,1
190,5,6,2,1,0,17.3,132,30,0
191,5,4,2,1,1,34.0,98,23,0
192,4,1,0,0,0,68.5,147,18,0
193,5,3,1,2,0,17.8,37,32,0
194,3,3,0,1,1,37.0,132,24,1
195,4,4,1,0,2,32.1,37,34,0
196,6,2,1,2,1,15.9,179,24,1
197,4,4,3,2,1,58.3,160,23,1
198,2,3,2,1,0,34.4,173,26,0
199,3,3,2,1,2,19.6,112,25,0
200,5,2,3,2,1,25.2,12,28,1
201,3,4,1,1,2,10.0,169,30,0
202,2,3,6,1,0,37.7,56,30,0
203,4,1,2,2,0,38.0,80,27,1
204,4,1,4,0,0,30.5,14,20,0
205,5,2,2,3,0,27.0,54,36,0
206,3,2,0,2,2,39.3,65,26,0
207,7,1,3,1,1,53.1,116,25,0
208,4,6,1,3,2,45.8,58,27,1
209,5,2,1,5,1,5.9,96,26,0
210,2,5,2,1,0,10.3,21,19,0
211,9,7,1,1,0,26.5,4,30,0
212,2,5,3,2,0,35.6,73,23,0
213,1,4,2,2,1,35.0,127,26,0
214,3,3,4,0,1,29.2,46,36,0
215,6,4,0,0,2,17.9,12,32,0
216,1,1,2,4,0,26.4,128,36,0
217,2,2,2,1,1,26.0,30,24,0
218,8,4,2,0,0,18.4,94,31,0
219,7,1,3,0,0,2.8,60,30,0
220,3,4,3,2,3,11.4,100,27,0
221,1,6,0,2,3,35.1,71,24,0
222,6,3,2,3,0,21.3,81,33,0
223,4,1,2,1,1,21.0,142,25,0
224,5,2,3,2,0,55.6,111,28,1
225,3,4,3,2,0,34.0,44,32,0
226,3,3,1,2,2,11.4,108,23,1
227,5,1,1,0,2,7.9,102,22,1
228,5,7,2,1,0,36.6,154,40,1
229,4,2,1,2,0,14.2,91,23,0
230,6,5,2,0,0,7.5,109,36,0
231,3,6,5,0,1,25.6,16,27,1
232,4,1,4,3,0,21.6,110,25,0
233,2,0,3,2,1,45.7,7,26,0
234,7,2,4,2,0,32.8,160,27,0
235,10,3,0,1,1,29.3,89,34,0
236,4,5,0,1,0,9.0,95,31,0
237,4,0,0,0,1,54.1,16,26,0
238,3,0,1,3,1,43.6,105,18,0
239,5,3,2,1,0,68.9,122,28,0
240,5,4,1,0,2,43.1,89,28,1
241,5,3,1,3,0,25.3,62,34,0
242,2,4,0,1,1,17.7,30,20,0
243,2,3,3,2,2,39.1,140,25,1
244,5,5,3,1,0,43.1,67,25,1
245,2,6,2,0,2,6.2,46,27,1
246,1,3,2,2,1,25.2,43,28,0
247,6,4,1,0,1,5.9,45,30,0
248,4,1,0,1,0,26.0,80,18,1
249,3,3,1,1,1,45.1,32,28,0
250,5,3,0,1,3,42.6,8,29,0
251,5,2,4,1,0,3.3,113,28,1
252,1,4,2,1,2,31.2,62,27,0
253,5,3,1,0,0,8.8,20,18,0
254,7,5,5,5,1,13.0,146,30,0
255,5,3,1,0,0,32.3,101,23,0
256,4,3,2,0,1,23.9,6,31,0
257,4,2,3,3,0,11.5,84,34,0
258,0,0,1,1,1,29.9,108,19,0
259,2,4,1,3,0,30.6,157,30,0
260,5,3,2,2,0,10.2,4,21,0
261,2,2,1,2,4,32.1,71,27,1
262,5,4,1,1,0,29.5,171,27,0
263,0,6,2,2,1,43.6,84,31,1
264,2,4,0,0,3,48.6,162,31,0
265,1,4,3,1,1,25.7,100,29,0
266,2,2,1,0,0,38.8,71,19,0
267,4,1,1,1,1,25.3,33,18,0
268,3,1,1,0,0,23.3,143,32,0
269,4,1,3,1,0,41.9,120,31,0
270,4,4,3,1,0,43.9,168,23,0
271,7,3,1,3,1,28.9,93,29,0
272,1,4,2,0,0,45.8,133,26,0
273,4,4,2,0,0,28.4,178,33,1
274,6,2,2,2,0,12.7,99,28,0
275,5,6,1,1,0,27.6,66,32,0
276,1,3,2,4,0,22.3,54,24,0
277,6,1,2,0,1,34.7,174,29,1
278,4,3,0,1,2,20.1,80,25,0
279,7,2,3,2,1,33.5,139,24,0
280,4,2,1,4,0,26.7,124,18,0
281,5,3,4,3,1,35.7,177,32,1
282,6,3,3,1,0,24.3,151,36,0
283,4,3,4,1,1,1.5,55,21,0
284,5,3,3,2,0,23.8,5,31,0
285,1,6,0,0,0,19.5,35,31,1
286,4,6,2,1,0,69.7,93,25,1
287,3,3,2,0,0,50.4,119,24,0
288,1,3,1,1,2,23.1,54,33,0
289,7,3,1,0,0,32.6,3,33,0
290,2,2,1,4,2,13.1,6,30,0
291,3,3,4,1,3,20.0,87,25,0
292,4,3,1,5,1,24.9,110,33,0
293,3,3,2,1,1,67.7,56,23,1
294,7,1,0,0,2,11.1,2,35,0
295,1,4,1,2,1,42.2,82,36,1
296,4,1,4,1,2,37.9,94,33,0
297,7,4,0,2,1,15.6,166,29,0
298,4,2,2,3,0,49.8,5,18,1
299,6,2,0,2,0,38.1,174,27,1
300,3,5,3,0,0,39.8,139,36,0
301,8,4,2,1,0,33.4,138,32,0
302,6,1,2,2,0,36.0,41,30,0
303,1,1,2,0,2,18.2,116,24,0
304,4,5,1,0,0,42.4,44,33,0
305,3,3,2,4,2,45.6,90,20,0
306,3,1,2,1,1,19.0,33,27,0
307,5,1,3,2,1,40.9,56,36,1
308,4,5,3,2,0,20.4,140,23,0
309,5,4,1,0,1,28.3,2,31,0
310,1,4,3,2,0,15.9,1,19,0
311,4,1,3,3,3,15.0,121,24,0
312,3,0,4,2,0,22.0,125,28,0
313,3,4,0,2,1,27.6,33,29,1
314,5,2,1,0,0,13.8,103,38,0
315,2,4,0,0,1,34.3,36,25,1
316,3,1,1,3,0,12.6,149,30,0
317,6,1,0,1,0,30.6,84,30,0
318,6,4,2,1,0,36.4,164,25,1
319,5,2,5,1,0,21.6,26,32,0
320,5,1,0,2,0,47.3,175,31,1
321,5,1,6,3,0,28.1,129,26,0
322,2,3,0,2,2,28.0,166,28,1
323,5,4,4,1,1,38.4,142,23,1
324,5,2,2,0,0,33.8,90,23,0
325,4,2,3,0,0,28.4,46,27,0
326,3,4,1,1,1,8.5,42,31,0
327,2,3,4,2,1,31.7,135,26,1
328,3,1,2,2,0,5.6,55,24,0
329,3,1,1,2,1,16.1,56,26,0
330,5,3,0,0,1,11.1,118,32,0
331,6,2,3,3,3,33.3,76,21,0
332,4,3,4,2,1,20.4,63,32,0
333,3,2,2,3,1,30.3,152,30,0
334,5,6,4,1,0,12.1,83,21,0
335,7,7,3,2,0,17.2,99,26,0
336,5,4,2,1,0,12.5,132,31,0
337,3,2,5,2,1,58.0,42,18,1
338,5,2,1,1,0,15.2,96,22,1
339,7,0,2,2,0,16.4,110,20,0
340,7,5,2,0,3,49.1,70,25,1
341,3,2,1,0,1,31.9,28,33,1
342,7,4,0,2,0,33.9,126,31,0
343,4,4,3,0,0,17.4,92,25,0
344,2,4,3,0,0,33.7,40,33,0
345,5,5,3,2,0,19.9,179,31,0
346,3,3,2,1,1,33.2,157,34,0
347,3,3,3,6,0,40.2,42,27,0
348,3,5,3,1,1,23.7,118,30,1
349,4,4,0,1,1,53.3,5,44,0
350,1,3,1,0,1,36.8,101,26,1
351,3,4,4,1,1,24.8,169,27,0
352,7,3,1,1,3,66.7,61,27,1
353,3,3,2,4,1,7.6,156,27,0
354,5,4,3,0,1,16.0,41,30,1
355,2,3,1,1,0,35.7,111,28,1
356,3,1,1,0,1,30.3,9,21,0
357,1,3,4,1,0,2.6,157,28,1
358,5,2,5,1,0,24.5,166,25,0
359,4,2,1,0,2,37.9,62,19,0
360,3,4,1,0,0,26.7,54,33,0
361,7,4,5,0,0,49.4,104,25,0
362,4,1,0,2,0,18.2,126,29,0
363,7,7,2,1,1,55.4,34,18,0
364,5,3,1,1,0,22.1,165,30,0
365,2,2,2,2,2,40.2,177,26,1
366,1,6,2,4,0,18.3,42,20,0
367,6,0,1,2,1,69.0,14,25,1
368,2,6,3,0,1,19.3,33,24,0
369,3,3,3,1,2,48.0,118,31,0
370,3,3,3,1,3,26.5,98,28,0
371,3,5,1,4,0,64.4,92,20,0
372,4,5,0,0,2,14.3,100,30,0
373,9,2,2,1,0,38.4,87,18,0
374,4,4,1,1,1,63.0,145,22,0
375,4,3,4,2,1,28.6,124,28,0
376,7,6,4,1,1,31.0,32,24,0
377,7,1,1,5,0,23.2,101,33,1
378,4,3,0,2,0,3.6,39,28,0
379,3,5,2,0,0,8.3,94,31,0
380,6,3,2,1,1,42.6,10,31,1
381,6,2,4,2,0,21.3,152,25,0
382,0,0,1,1,0,15.7,100,22,0
383,3,1,1,1,0,83.3,58,27,0
384,5,4,2,1,2,10.7,101,32,1
385,4,6,6,0,1,20.3,64,26,0
386,3,2,1,0,1,2.3,19,30,0
387,3,4,0,0,1,10.5,101,27,0
388,7,1,1,3,1,40.0,117,20,0
389,3,1,1,0,1,24.9,136,20,0
390,3,9,0,1,1,38.0,71,35,0
391,3,2,1,2,1,52.4,40,22,0
392,6,2,1,1,0,20.0,13,24,1
393,3,3,4,1,2,9.8,101,32,0
394,6,4,6,1,3,27.7,124,22,0
395,2,2,1,1,1,32.0,155,24,0
396,7,1,1,1,0,34.1,82,26,0
397,4,2,1,2,1,71.7,88,26,1
398,4,1,2,2,0,68.4,105,23,0
399,1,0,0,1,2,28.1,130,27,0
400,5,3,5,1,0,20.6,16,31,1
401,6,2,2,2,0,14.9,14,27,0
402,1,6,2,1,0,47.7,128,24,1
403,5,2,1,2,1,15.6,145,32,0
404,5,2,1,1,1,41.8,60,36,0
405,1,2,1,3,1,34.0,17,32,0
406,3,6,6,2,1,18.7,45,22,1
407,4,1,2,1,1,30.1,38,22,0
408,1,4,1,2,0,25.0,124,30,0
409,2,4,0,4,0,18.8,104,28,0
410,4,2,4,0,0,15.6,64,21,0
411,4,3,0,3,0,38.1,121,29,0
412,5,0,4,1,0,20.3,6,28,0
413,5,3,1,3,0,18.8,112,35,1
414,1,4,3,0,1,19.2,102,25,1
415,4,2,2,0,1,28.0,49,34,0
416,3,4,2,1,2,49.1,21,35,1
417,3,0,3,4,1,18.6,23,24,0
418,6,2,1,2,2,27.0,76,29,0
419,3,4,1,3,0,51.4,64,26,1
420,3,4,1,2,0,23.2,157,26,0
421,2,2,2,4,0,15.1,27,29,0
422,6,3,1,5,1,24.3,134,24,0
423,4,4,1,2,0,36.6,149,20,0
424,3,4,1,1,0,18.1,71,25,0
425,4,3,3,2,0,26.1,107,33,0
426,5,3,6,2,0,43.3,169,26,0
427,6,3,2,1,1,34.7,133,27,1
428,7,2,0,3,1,3.9,143,31,0
429,4,3,0,2,0,44.5,149,20,1
430,4,4,3,3,1,15.1,58,30,1
431,6,5,3,0,0,16.2,132,36,1
432,3,5,4,1,1,29.4,135,28,1
433,4,1,2,1,0,36.6,35,18,0
434,6,5,0,1,1,66.7,164,27,0
435,6,4,2,1,0,12.3,121,31,0
436,3,2,3,0,1,33.0,143,28,0
437,2,2,2,1,0,40.4,130,29,1
438,8,1,1,3,2,23.2,120,29,0
439,4,3,2,4,0,55.4,5,23,1
440,4,5,2,1,0,65.1,71,23,1
441,4,1,1,0,1,33.7,86,26,0
442,1,2,1,1,3,8.9,95,29,0
443,10,3,4,0,0,8.6,160,22,1
444,6,3,2,1,3,31.0,41,38,0
445,1,3,4,2,1,35.0,170,18,0
446,8,3,1,3,0,50.9,75,19,0
447,6,5,1,2,1,29.0,168,30,0
448,3,4,3,0,0,24.4,83,30,0
449,0,3,2,0,0,31.4,38,27,0
450,4,5,1,1,1,27.7,42,31,1
451,5,4,1,1,1,20.0,165,30,0
452,2,1,1,4,0,62.1,56,28,0
453,2,3,1,1,2,31.3,71,29,0
454,4,3,0,2,1,9.1,55,18,0
455,3,1,3,0,0,27.2,22,27,0
456,7,5,4,3,0,45.2,27,27,0
457,7,3,1,1,0,34.4,105,37,0
458,3,2,3,1,3,17.5,175,23,1
459,7,3,0,2,0,62.1,38,27,0
460,1,3,3,3,3,40.1,112,35,0
461,2,3,1,0,1,12.8,39,30,1
462,3,1,2,3,3,9.4,143,28,0
463,3,5,3,4,1,17.8,119,32,0
464,2,1,2,5,0,3.5,60,24,0
465,0,4,1,0,1,57.4,136,36,1
466,1,2,1,0,0,25.4,44,31,0
467,3,3,2,0,0,10.1,43,19,0
468,4,4,1,0,1,27.1,134,24,0
469,3,3,2,1,1,8.9,155,18,0
470,5,8,2,1,0,45.3,173,31,0
471,6,2,3,0,0,37.8,23,30,0
472,3,2,5,0,0,39.1,122,25,1
473,2,1,2,2,2,29.0,141,34,0
474,3,1,2,3,0,34.6,84,27,0
475,3,5,1,3,1,22.6,106,41,0
476,3,2,4,0,2,41.2,64,22,0
477,6,0,2,4,0,40.4,153,31,0
478,7,2,2,2,1,29.7,125,26,0
479,2,5,0,1,0,52.2,52,24,0
480,4,4,1,0,0,45.2,48,27,1
481,3,4,1,2,1,11.9,61,29,0
482,6,4,1,1,0,12.3,17,28,0
483,8,4,2,2,1,9.3,40,31,0
484,5,1,3,3,1,16.0,75,31,0
485,4,3,3,2,2,34.4,89,35,0
486,1,1,4,4,0,69.2,69,21,0
487,2,4,3,2,0,28.8,85,20,0
488,5,4,1,0,0,31.4,26,27,1
489,5,3,3,2,0,38.1,40,24,1
490,3,3,1,0,2,35.1,96,32,0
491,1,3,2,3,1,17.1,117,22,0
492,1,4,0,0,1,20.8,136,25,0
493,4,2,1,1,0,36.7,73,26,0
494,8,3,1,0,1,21.5,45,36,0
495,3,4,4,2,2,22.4,17,38,0
496,6,5,1,0,0,21.5,169,22,0
497,1,2,2,1,2,39.7,77,18,1
498,4,2,2,0,0,13.8,137,25,0
499,4,1,1,1,1,20.4,91,27,0
500,6,2,3,3,1,64.3,106,27,0
501,1,4,4,2,0,40.4,101,27,0
502,7,2,0,0,0,14.1,103,32,0
503,2,2,2,1,4,32.0,24,25,0
504,5,4,2,2,0,15.1,73,29,0
505,6,3,5,1,0,67.0,121,31,1
506,7,4,2,1,0,12.3,106,29,0
507,5,1,2,1,2,13.6,139,31,1
508,4,3,4,0,2,37.7,35,19,0
509,5,6,1,1,0,18.0,157,28,0
510,5,3,4,0,1,51.2,136,29,0
511,3,1,3,0,1,33.2,17,27,1
512,1,3,6,2,0,49.8,140,25,0
513,4,6,0,1,2,12.2,93,30,1
514,8,4,3,2,1,11.5,109,28,0
515,3,4,1,2,0,30.0,50,27,0
516,2,1,1,1,1,40.6,114,26,0
517,4,5,2,2,1,6.1,24,26,0
518,3,0,2,0,0,39.9,37,24,0
519,3,5,1,0,1,35.2,11,25,0
520,2,2,2,5,2,37.6,99,23,1
521,5,0,3,0,1,17.9,55,26,0
522,5,3,2,0,2,52.1,27,29,0
523,4,6,2,1,2,8.3,67,32,0
524,3,3,4,0,1,32.2,2,27,0
525,7,2,1,0,0,39.6,68,27,0
526,4,2,0,0,1,13.0,146,28,0
527,3,2,3,1,0,5.8,148,32,0
528,0,3,2,2,0,58.2,63,26,0
529,2,7,5,0,1,42.6,72,30,1
530,3,0,3,1,1,40.0,130,29,0
531,3,3,7,1,1,25.0,83,24,1
532,5,3,1,2,1,31.0,42,31,0
533,4,4,4,1,4,28.1,156,18,1
534,5,3,1,1,1,43.6,157,33,0
535,7,3,2,3,2,27.6,107,22,0
536,3,3,4,1,1,13.3,28,27,1
537,5,3,2,0,2,12.6,105,32,0
538,2,7,0,0,0,51.2,112,25,0
539,6,2,2,0,2,8.2,133,29,0
540,5,2,2,2,1,39.1,15,32,0
541,6,3,0,5,2,18.5,110,37,1
542,3,3,1,4,0,3.9,73,27,0
543,2,4,3,1,1,39.8,160,28,0
544,1,2,0,0,3,35.9,90,28,0
545,2,3,1,3,2,25.7,37,26,0
546,3,3,1,3,0,18.8,143,21,0
547,2,3,2,2,0,56.8,169,22,1
548,7,2,0,0,1,28.5,4,27,0
549,2,3,0,1,0,22.4,84,29,0
550,4,1,0,1,1,11.2,155,34,0
551,4,5,3,2,2,11.9,149,26,1
552,0,4,3,4,1,40.2,60,35,0
553,4,3,0,1,1,22.1,86,21,0
554,6,4,2,1,0,1.1,71,29,0
555,4,3,3,1,2,17.0,175,26,0
556,7,3,5,2,2,45.1,31,21,0
557,2,4,3,2,1,37.3,17,19,0
558,4,3,1,3,0,19.1,178,25,0
559,5,4,3,0,0,65.3,7,26,0
560,5,2,2,0,1,10.7,126,23,0
561,1,5,0,3,1,9.1,83,31,0
562,5,4,2,0,0,8.2,28,25,0
563,3,2,4,2,0,15.4,10,23,0
564,4,3,3,1,2,37.6,27,26,1
565,2,4,2,1,1,18.5,141,24,0
566,5,4,3,1,1,24.0,127,36,0
567,8,4,3,1,1,5.7,43,26,1
568,4,5,1,0,1,51.1,69,23,0
569,9,2,1,2,2,45.8,63,36,0
570,3,3,5,3,0,22.7,70,31,0
571,3,3,2,3,0,22.6,99,28,0
572,0,3,4,1,1,26.8,164,24,0
573,4,2,4,2,0,30.8,71,31,0
574,4,3,2,2,0,28.8,93,20,0
575,1,2,2,2,1,30.7,143,31,0
576,3,6,3,1,1,23.7,146,29,0
577,4,4,4,3,0,12.0,132,32,0
578,7,2,1,1,0,31.0,11,18,1
579,4,1,2,1,0,20.2,134,23,0
580,3,4,1,1,1,27.8,122,23,0
581,1,4,6,1,1,8.1,179,22,0
582,5,2,2,3,2,21.1,18,30,1
583,7,6,2,1,1,15.4,67,26,0
584,4,3,1,3,1,37.5,145,23,1
585,4,0,4,4,0,29.1,97,22,0
586,1,3,2,1,3,16.7,34,23,0
587,8,1,3,2,0,18.2,158,32,0
588,4,2,1,0,1,33.6,147,27,0
589,1,3,4,3,0,32.3,137,32,0
590,1,2,4,1,1,26.2,168,41,1
591,2,3,0,2,2,35.2,44,27,0
592,4,3,8,1,0,47.3,95,20,0
593,0,2,3,2,1,15.3,91,27,1
594,7,5,2,1,1,7.4,111,37,1
595,4,1,3,4,0,36.8,153,33,0
596,7,3,0,1,1,17.8,71,24,0
597,6,3,2,1,1,35.7,53,26,0
598,5,3,2,1,1,38.8,176,31,0
599,7,4,1,2,0,30.9,71,30,0
600,6,4,3,0,0,17.1,53,31,0
601,8,1,2,1,1,3.0,108,26,1
602,4,4,2,2,1,10.4,177,29,0
603,2,2,2,1,2,12.8,171,26,0
604,8,1,3,1,0,33.5,19,34,0
605,6,3,3,3,1,52.4,66,20,0
606,2,4,3,1,0,13.2,162,20,0
607,5,0,1,1,1,29.5,1,24,0
608,4,4,2,1,2,21.3,106,24,0
609,3,3,3,4,1,14.6,55,20,0
610,4,4,0,0,1,39.6,15,19,1
611,3,0,3,2,2,46.0,127,33,0
612,3,2,1,4,1,30.3,15,27,1
613,6,6,1,0,0,37.3,121,26,1
614,3,4,0,2,1,29.7,151,28,0
615,3,4,2,1,1,25.3,66,35,0
616,3,2,3,0,1,49.3,174,28,0
617,5,1,2,1,1,11.4,114,27,0
618,3,2,4,0,1,12.1,137,24,1
619,4,3,1,1,1,2.9,146,30,0
620,3,2,2,1,0,33.2,145,27,1
621,3,4,1,0,0,37.1,72,36,0
622,6,3,2,2,1,27.3,98,27,1
623,4,3,4,0,2,32.1,162,33,1
624,7,1,0,3,1,15.0,44,24,0
625,0,3,3,1,0,20.0,157,24,1
626,6,4,1,2,1,22.2,16,18,1
627,3,3,2,1,0,12.1,78,31,0
628,4,2,1,0,1,12.5,52,27,0
629,3,2,2,0,0,29.7,2,31,0
630,5,4,3,0,3,14.0,61,36,0
631,3,1,3,2,2,35.4,132,23,0
632,2,4,1,4,2,49.4,126,23,1
633,1,1,1,4,1,21.7,52,24,0
634,4,2,3,1,1,27.0,41,18,0
635,9,1,5,1,1,8.0,31,27,0
636,2,1,1,2,1,11.2,154,32,0
637,6,2,3,2,1,8.8,155,28,0
638,5,4,1,3,3,29.3,121,20,0
639,3,3,1,3,0,37.9,51,26,0
640,3,4,2,2,1,14.5,95,28,0
641,2,2,0,1,0,44.6,176,32,0
642,4,3,2,3,1,49.6,11,31,0
643,3,5,2,2,0,23.9,136,26,0
644,1,5,1,0,1,29.0,12,26,1
645,5,3,4,3,0,25.0,99,30,0
646,4,4,5,2,0,27.7,45,25,1
647,7,4,2,3,3,3.9,34,32,1
648,4,3,1,1,3,23.6,72,24,0
649,7,2,2,1,0,1.9,175,35,0
650,4,3,3,1,1,43.1,21,29,1
651,3,3,0,0,0,42.2,41,18,0
652,0,5,1,0,3,21.8,22,31,0
653,4,3,5,3,0,53.0,21,29,0
654,1,2,3,0,0,60.1,156,30,1
655,3,4,0,1,0,20.5,71,39,0
656,3,4,4,4,1,39.3,14,26,0
657,2,1,2,2,0,50.9,79,20,0
658,5,5,2,1,1,17.5,73,34,0
659,5,2,1,3,2,8.1,52,19,0
660,5,1,4,2,2,29.3,171,24,0
661,3,2,1,1,1,30.6,76,28,0
662,4,5,1,0,2,30.3,19,23,0
663,0,4,3,0,0,18.4,27,27,1
664,3,5,2,3,1,20.6,146,27,1
665,3,4,2,3,1,5.0,13,35,0
666,8,1,1,1,1,27.3,107,18,0
667,4,2,2,3,0,53.8,129,28,1
668,4,1,2,1,0,36.4,85,23,0
669,4,4,1,1,2,7.1,162,25,1
670,2,2,2,4,1,15.5,141,31,0
671,5,2,1,1,0,18.0,109,30,0
672,2,3,3,2,1,43.7,115,29,0
673,5,4,0,1,0,62.6,51,21,0
674,3,2,1,1,0,10.9,1,33,0
675,4,3,2,2,0,34.7,121,23,0
676,6,4,3,2,0,38.5,156,34,0
677,3,2,3,1,5,4.7,123,24,1
678,9,3,0,2,0,14.9,32,33,0
679,4,2,1,1,1,50.0,154,28,0
680,4,5,2,1,0,3.0,142,19,0
681,1,7,0,1,0,10.3,93,26,0
682,7,4,2,2,1,61.4,68,36,0
683,4,2,3,1,0,31.5,63,32,0
684,4,0,2,1,1,14.9,82,25,1
685,4,3,4,1,2,19.2,142,34,1
686,3,3,2,2,0,36.8,155,29,0
687,1,2,2,1,1,48.7,41,36,0
688,3,1,0,2,2,47.7,3,27,1
689,9,7,0,0,1,9.0,94,26,0
690,2,4,2,3,0,25.6,59,32,0
691,7,7,1,1,1,16.1,151,29,0
692,2,4,1,2,0,14.4,18,30,0
693,5,2,3,0,0,25.1,104,23,0
694,0,2,2,0,0,35.8,74,33,0
695,3,4,4,2,0,12.4,120,32,0
696,9,2,3,1,0,13.4,76,34,0
697,6,5,2,0,1,22.9,169,21,0
698,8,4,1,1,2,51.4,8,22,0
699,5,0,1,3,0,30.4,160,24,0
700,5,0,2,2,0,11.6,81,26,0
701,5,4,5,0,2,49.9,169,21,0
702,2,2,4,1,0,23.4,173,31,0
703,9,2,1,0,3,26.8,101,25,1
704,5,5,0,2,0,29.7,9,34,0
705,1,3,0,0,2,14.7,90,38,0
706,4,4,5,2,1,11.5,48,25,0
707,5,0,4,2,1,2.9,115,24,0
708,3,2,2,1,0,2.2,152,31,0
709,5,3,2,2,1,37.3,87,28,0
710,3,3,4,1,1,21.1,95,29,0
711,4,2,3,0,1,0.4,172,34,0
712,3,3,6,1,0,62.2,114,26,0
713,1,2,0,3,3,37.7,18,22,1
714,5,2,3,1,0,20.3,29,21,0
715,3,4,1,2,3,58.2,2,27,0
716,2,4,1,0,0,36.4,78,26,0
717,2,1,1,0,2,24.1,68,32,0
718,4,4,5,4,0,6.1,98,34,0
719,2,1,6,2,0,22.8,117,34,0
720,4,5,1,2,1,24.8,110,24,0
721,3,1,2,3,2,16.5,167,23,0
722,2,4,0,2,0,28.8,41,18,0
723,3,3,0,1,1,42.0,115,28,0
724,10,2,4,3,0,22.7,81,32,0
725,4,2,2,1,3,6.4,122,24,1
726,5,1,1,0,0,12.8,87,20,0
727,3,2,2,1,0,64.4,22,37,0
728,4,1,0,2,0,4.9,49,24,0
729,4,3,0,2,1,27.7,156,27,1
730,3,1,2,2,1,22.2,16,25,0
731,6,1,2,0,0,36.7,68,21,1
732,3,2,0,0,1,25.1,164,32,0
733,5,5,2,2,0,22.5,22,19,1
734,3,6,1,2,0,46.0,139,33,0
735,0,2,3,3,0,36.0,85,29,0
736,6,3,4,2,1,24.6,121,26,0
737,3,5,4,2,2,27.9,80,26,0
738,2,5,2,2,0,54.6,170,30,0
739,5,0,4,1,1,26.7,55,24,0
740,6,3,4,1,1,47.7,35,28,1
741,1,3,2,2,0,48.5,34,23,0
742,6,1,2,0,3,13.0,73,18,0
743,2,1,0,4,2,12.7,77,31,0
744,2,0,4,0,1,32.7,132,40,1
745,2,3,3,1,0,50.1,174,30,0
746,3,2,2,3,3,16.3,125,27,0
747,4,1,3,1,0,35.4,11,26,0
748,3,6,3,0,0,36.1,61,26,1
749,3,0,2,0,1,2.7,122,26,0
750,1,1,6,2,1,38.4,35,28,0
751,4,3,1,0,0,16.9,69,18,0
752,7,2,2,2,0,27.2,57,18,0
753,6,2,2,0,1,5.2,139,30,0
754,6,6,2,4,1,17.3,12,27,1
755,5,3,3,0,1,25.2,125,23,0
756,3,1,2,1,0,30.0,43,22,0
757,2,3,3,3,0,19.8,147,25,0
758,5,4,1,2,0,23.8,77,25,0
759,6,0,1,2,0,35.8,68,35,0
760,0,2,0,2,0,29.3,59,22,1
761,6,1,6,2,0,10.5,2,31,1
762,3,3,2,1,0,8.7,136,30,0
763,4,5,6,0,1,44.9,150,26,0
764,4,4,2,1,0,37.6,21,31,0
765,3,2,1,1,1,33.2,157,30,0
766,10,3,1,1,1,26.3,101,21,0
767,1,3,0,1,1,17.8,86,25,0
768,5,5,2,1,1,15.1,122,29,1
769,2,1,2,1,1,36.3,75,25,1
770,2,4,5,3,0,14.0,75,31,0
771,3,0,1,2,1,29.7,83,33,0
772,7,2,1,6,1,35.8,165,27,1
773,1,2,2,4,1,10.9,78,24,0
774,2,1,2,1,0,22.5,157,24,0
775,4,4,2,1,0,36.2,165,26,0
776,6,5,0,1,3,24.4,21,25,0
777,1,2,3,2,1,4.8,120,32,0
778,4,4,3,1,0,53.6,12,25,0
779,6,4,3,7,1,26.6,176,27,1
780,3,2,1,0,0,13.0,83,31,0
781,5,2,3,3,0,53.9,175,26,0
782,3,3,1,1,2,8.9,113,25,0
783,4,3,2,1,1,35.6,15,32,0
784,6,3,2,1,1,29.4,113,33,1
785,2,4,1,1,0,16.9,141,28,0
786,3,5,5,1,0,8.9,124,36,0
787,3,4,1,1,1,45.3,141,28,0
788,4,4,2,1,0,21.6,115,32,0
789,9,2,1,0,0,42.3,147,37,1
790,6,2,4,2,3,3.3,32,24,0
791,6,5,2,1,0,45.2,99,25,1
792,5,2,1,1,0,48.2,87,31,0
793,1,1,1,0,0,34.3,149,27,0
794,0,2,1,1,0,17.5,112,23,0
795,9,4,3,0,1,21.9,142,26,0
796,2,2,1,3,0,29.7,24,20,1
797,5,4,1,4,0,25.1,49,28,1
798,4,1,3,1,1,18.6,32,28,0
799,2,3,3,0,1,47.7,75,33,0
800,4,5,2,1,0,13.7,109,33,0
801,0,4,0,2,0,49.2,11,26,0
802,3,1,1,0,0,19.1,68,38,0
803,3,2,2,0,4,30.2,90,22,1
804,4,2,1,2,0,43.5,110,20,0
805,2,7,0,2,1,13.1,133,21,0
806,1,2,0,2,1,15.6,164,22,0
807,0,3,0,1,0,22.0,32,31,1
808,2,3,2,2,1,28.7,71,36,0
809,6,6,0,2,0,60.1,74,36,1
810,3,2,0,2,0,4.9,138,18,0
811,4,2,5,1,0,18.2,99,32,0
812,4,2,3,2,2,24.7,21,35,0
813,2,1,1,1,0,36.7,40,32,1
814,3,3,0,3,1,24.0,42,24,0
815,3,5,2,1,0,9.6,72,28,0
816,4,4,0,2,0,24.4,46,23,0
817,4,4,1,0,1,13.0,82,31,0
818,1,3,1,0,0,43.3,73,20,0
819,5,2,2,3,1,61.6,118,31,1
820,3,4,2,3,1,27.8,41,24,0
821,6,3,3,0,0,8.4,94,29,0
822,3,3,2,1,0,12.1,132,26,0
823,8,1,2,1,0,19.3,99,26,0
824,4,4,2,3,2,50.9,142,32,1
825,8,3,0,1,0,12.2,142,35,0
826,4,1,2,1,0,10.0,53,23,0
827,4,1,0,1,1,4.6,128,28,0
828,5,1,0,3,0,29.9,29,22,0
829,5,2,4,4,3,8.2,23,25,1
830,4,3,2,0,0,9.8,85,24,0
831,2,3,3,1,0,48.1,159,21,0
832,3,3,4,1,2,30.5,96,33,0
833,5,1,4,0,0,33.2,71,28,0
834,0,3,1,0,0,14.4,151,25,0
835,2,2,3,2,0,51.5,8,27,0
836,4,1,1,1,1,44.1,76,33,1
837,4,1,3,2,0,26.8,100,33,0
838,3,1,1,2,1,12.1,16,30,1
839,4,4,2,1,1,53.2,154,24,1
840,9,3,3,1,2,9.7,157,28,0
841,0,2,1,0,2,27.8,93,22,0
842,4,2,4,1,2,6.5,6,27,0
843,0,3,2,0,0,59.6,37,32,0
844,5,2,0,2,0,23.6,161,33,0
845,4,4,1,6,1,9.2,95,24,1
846,4,2,0,2,1,6.5,174,32,1
847,3,3,1,1,0,45.1,61,31,0
848,5,5,4,1,0,16.5,169,26,1
849,4,5,2,5,1,2.6,18,31,1
850,2,2,2,0,1,21.8,111,34,1
851,7,1,1,4,0,74.8,95,32,1
852,5,1,1,1,1,18.5,16,22,1
853,2,4,4,0,0,71.4,104,26,1
854,8,1,4,0,1,58.1,179,29,0
855,1,4,1,0,2,33.9,165,23,0
856,4,1,4,1,1,14.7,14,35,0
857,4,5,0,2,3,36.2,103,29,0
858,1,1,2,0,0,21.5,68,25,0
859,3,1,0,1,0,31.9,30,25,0
860,3,2,2,0,1,12.9,60,24,0
861,6,4,1,0,1,16.0,53,31,0
862,4,0,3,1,0,37.4,164,32,0
863,4,4,3,2,0,30.6,158,24,0
864,1,0,0,2,0,3.5,64,35,0
865,6,1,2,1,0,41.6,14,26,0
866,3,3,0,0,0,24.2,23,24,0
867,3,1,2,4,1,12.8,176,30,0
868,3,4,1,4,0,48.8,156,22,1
869,4,3,3,1,1,22.2,122,21,1
870,6,2,2,1,1,23.7,7,23,0
871,7,4,1,1,2,40.3,170,24,1
872,2,7,2,1,1,21.0,10,31,0
873,3,4,3,2,1,4.2,172,21,1
874,3,4,3,0,0,12.1,102,29,0
875,4,3,0,1,2,45.0,13,32,1
876,4,3,1,1,0,9.7,161,35,0
877,3,2,4,0,0,34.0,160,25,0
878,5,2,3,0,0,31.2,127,25,1
879,5,3,1,3,0,34.1,48,38,0
880,4,3,0,2,0,24.9,5,34,1
881,8,2,4,1,0,12.0,61,26,0
882,4,3,1,0,0,20.3,122,33,0
883,3,3,3,0,1,20.6,90,29,0
884,5,3,1,0,0,52.7,103,28,0
885,9,4,2,1,0,40.7,90,40,0
886,5,3,4,0,3,12.1,3,33,1
887,2,8,1,1,1,39.1,24,37,1
888,5,3,4,0,0,6.8,117,22,0
889,2,2,2,1,2,30.1,98,36,0
890,2,4,3,2,2,28.3,162,27,1
891,5,0,4,1,0,14.0,84,27,1
892,2,4,5,3,0,6.6,119,29,0
893,5,2,1,4,1,12.8,42,30,0
894,1,1,2,3,1,13.2,148,33,0
895,3,2,3,1,0,13.3,41,32,1
896,3,1,0,1,0,37.9,82,24,1
897,2,1,1,2,0,3.7,102,23,0
898,6,4,2,2,1,48.9,148,27,0
899,2,3,0,1,0,11.9,6,27,0
900,0,2,2,0,0,32.3,122,28,0
901,5,3,4,2,0,37.3,170,34,0
902,2,3,3,0,0,47.7,25,28,1
903,5,3,2,2,0,39.3,41,41,0
904,1,5,4,0,1,18.0,169,35,0
905,5,4,3,2,0,14.4,3,26,1
906,5,1,0,3,1,40.8,108,19,0
907,5,2,2,5,0,43.7,171,39,0
908,8,3,5,1,1,27.7,174,26,0
909,4,3,1,2,1,12.1,57,32,0
910,5,5,2,1,2,22.3,83,24,0
911,6,2,2,0,0,36.3,74,35,0
912,5,3,2,2,0,10.6,179,32,0
913,4,4,1,1,0,33.0,133,22,1
914,2,2,2,1,2,17.0,86,18,0
915,7,2,0,0,1,15.7,97,28,0
916,2,1,0,1,1,24.0,15,30,0
917,4,3,0,2,1,47.6,88,31,0
918,3,4,2,2,1,37.9,94,24,0
919,4,6,5,1,1,32.7,126,24,0
920,5,2,3,1,0,76.4,100,18,0
921,2,5,4,0,2,47.0,39,25,0
922,7,4,1,1,2,24.2,79,19,1
923,2,7,2,2,1,22.0,166,24,0
924,5,4,3,1,1,41.3,39,29,0
925,1,3,2,2,0,32.9,52,29,0
926,3,2,3,2,3,9.3,131,24,1
927,1,5,5,2,1,14.4,157,29,1
928,4,6,3,1,1,9.2,126,35,0
929,5,2,1,0,1,12.2,159,26,0
930,5,2,2,3,1,16.8,66,21,0
931,3,2,1,5,3,24.0,45,31,1
932,4,1,2,0,1,17.7,22,33,1
933,4,4,1,0,2,18.0,83,24,1
934,9,5,2,1,0,34.0,138,24,0
935,5,5,1,2,1,24.2,149,18,0
936,5,5,3,1,1,50.0,17,25,0
937,7,3,3,2,1,38.7,67,23,0
938,3,5,3,4,1,34.8,7,20,1
939,2,3,0,1,0,41.8,101,26,0
940,7,0,0,1,0,11.4,36,27,0
941,7,2,1,2,0,37.1,67,27,0
942,5,2,1,2,1,15.5,77,26,0
943,6,3,4,2,2,49.8,158,35,1
944,5,3,1,1,3,27.9,87,29,0
945,2,4,2,2,0,17.3,157,31,0
946,5,4,1,0,0,54.2,72,37,0
947,7,3,2,0,1,35.9,161,32,0
948,6,2,0,3,2,21.7,59,26,0
949,2,2,4,5,1,56.4,20,18,0
950,6,4,2,2,0,58.4,157,26,0
951,3,3,0,0,1,23.0,129,35,1
952,5,0,2,3,1,4.1,162,32,0
953,4,4,3,0,0,22.1,172,26,0
954,2,3,2,0,2,37.4,109,27,0
955,5,2,2,0,0,20.5,14,28,0
956,6,1,2,1,1,10.4,165,24,1
957,6,3,0,3,1,28.2,163,25,0
958,3,3,0,2,2,17.2,24,24,1
959,4,2,1,0,1,42.4,110,30,0
960,4,1,3,0,1,5.8,134,22,1
961,5,3,4,0,2,53.2,38,35,0
962,2,5,2,0,1,45.5,129,27,0
963,1,4,2,1,1,6.9,41,22,0
964,1,3,2,4,0,12.4,31,33,0
965,7,4,0,1,0,23.5,36,35,0
966,7,6,0,4,0,53.4,105,43,0
967,5,4,0,0,0,14.8,109,34,1
968,5,2,0,0,0,20.3,31,23,0
969,2,2,1,3,0,42.2,157,29,0
970,1,2,2,5,1,28.4,113,40,0
971,6,2,3,1,0,25.3,131,24,0
972,3,2,6,0,0,12.3,61,21,0
973,3,2,3,2,0,39.6,6,26,0
974,3,2,2,2,0,52.4,20,22,0
975,2,1,2,1,3,40.9,111,24,0
976,4,2,0,2,0,26.2,61,24,0
977,3,1,1,1,0,31.7,174,31,0
978,7,4,2,1,0,19.0,141,21,0
979,4,1,1,0,1,37.6,23,28,1
980,3,4,1,0,1,36.1,79,24,1
981,5,2,0,2,0,33.2,31,30,1
982,2,1,0,4,3,20.4,4,31,1
983,4,4,3,1,3,25.0,118,32,1
984,3,4,1,2,1,17.4,66,32,0
985,5,4,1,1,0,30.9,144,24,0
986,2,2,4,0,2,22.4,115,27,0
987,6,2,3,0,0,20.0,31,35,0
988,3,2,2,3,1,78.2,176,30,0
989,4,2,5,2,1,3.7,123,32,1
990,5,2,2,1,1,34.0,43,21,1
991,4,5,1,0,1,7.6,4,32,0
992,4,1,4,2,1,25.6,48,18,0
993,2,1,4,0,0,41.2,156,20,0
994,3,5,4,0,0,13.2,144,23,0
995,2,3,3,1,0,5.6,89,30,0
996,1,2,1,2,0,34.5,126,30,0
997,3,4,3,2,0,15.1,77,23,0
998,4,2,0,0,4,11.3,158,18,0
999,4,3,0,1,0,21.3,65,32,1
1000,7,3,4,0,0,60.2,69,30,0
