ID_TransacciÃ³n,Precio,Cantidad,Costo_Unitario,Rentabilidad,Temporada,Canal
1,178,528,99,41712,Media,Online
2,41,964,31,9640,Alta,Online
3,199,485,123,36860,Baja,Online
4,93,780,59,26520,Alta,Online
5,117,717,77,28680,Media,Mayorista
6,71,781,35,28116,Media,Tienda
7,181,373,105,28348,Media,Mayorista
8,97,726,51,33396,Media,Mayorista
9,177,528,112,34320,Alta,Tienda
10,26,1005,19,7035,Baja,Online
11,187,499,104,41417,Media,Tienda
12,96,735,64,23520,Media,Mayorista
13,132,571,86,26266,Media,Mayorista
14,185,352,108,27104,Baja,Tienda
15,152,520,95,29640,Baja,Mayorista
16,56,826,34,18172,Baja,Tienda
17,132,569,70,35278,Alta,Online
18,144,482,90,26028,Media,Mayorista
19,152,502,89,31626,Alta,Tienda
20,41,913,23,16434,Baja,Tienda
21,115,557,71,24508,Media,Tienda
22,118,651,73,29295,Baja,Mayorista
23,83,757,56,20439,Baja,Tienda
24,185,394,111,29156,Media,Tienda
25,57,924,38,17556,Alta,Tienda
26,158,487,97,29707,Alta,Tienda
27,78,676,48,20280,Alta,Tienda
28,162,422,94,28696,Alta,Mayorista
29,176,438,111,28470,Baja,Online
30,77,724,53,17376,Baja,Online
31,165,445,104,27145,Media,Tienda
32,114,604,77,22348,Alta,Mayorista
33,147,637,84,40131,Media,Online
34,94,645,65,18705,Baja,Online
35,144,499,87,28443,Media,Tienda
36,126,564,74,29328,Baja,Mayorista
37,120,574,78,24108,Alta,Online
38,85,723,47,27474,Media,Tienda
39,150,621,87,39123,Baja,Online
40,143,603,90,31959,Baja,Mayorista
41,43,786,20,18078,Baja,Tienda
42,69,741,41,20748,Alta,Tienda
43,132,612,88,26928,Media,Online
44,126,528,84,22176,Baja,Tienda
45,77,742,53,17808,Media,Online
46,63,791,41,17402,Media,Tienda
47,73,682,42,21142,Baja,Mayorista
48,148,501,95,26553,Alta,Tienda
49,127,593,80,27871,Alta,Tienda
50,186,469,107,37051,Media,Tienda
51,119,678,79,27120,Alta,Tienda
52,72,773,43,22417,Alta,Tienda
53,83,658,41,27636,Media,Online
54,22,870,7,13050,Media,Tienda
55,85,674,58,18198,Baja,Online
56,151,510,99,26520,Alta,Mayorista
57,181,502,113,34136,Baja,Online
58,203,382,122,30942,Alta,Tienda
59,116,706,76,28240,Alta,Online
60,37,853,15,18766,Media,Mayorista
61,153,580,90,36540,Alta,Online
62,130,632,70,37920,Baja,Mayorista
63,137,539,84,28567,Baja,Online
64,57,897,30,24219,Media,Mayorista
65,110,630,70,25200,Baja,Mayorista
66,144,484,76,32912,Baja,Online
67,205,309,115,27810,Alta,Mayorista
68,67,834,31,30024,Media,Mayorista
69,117,693,61,38808,Alta,Mayorista
70,160,556,86,41144,Baja,Tienda
71,117,556,64,29468,Media,Mayorista
72,67,837,41,21762,Baja,Mayorista
73,34,826,22,9912,Media,Tienda
74,22,931,8,13034,Alta,Online
75,186,361,109,27797,Alta,Mayorista
76,147,503,94,26659,Baja,Online
77,23,1024,12,11264,Alta,Online
78,119,588,75,25872,Alta,Mayorista
79,77,673,45,21536,Baja,Tienda
80,49,948,29,18960,Alta,Tienda
81,120,707,79,28987,Baja,Online
82,218,298,134,25032,Media,Online
83,196,323,110,27778,Media,Tienda
84,96,666,64,21312,Alta,Online
85,108,636,73,22260,Alta,Tienda
86,191,386,110,31266,Media,Online
87,36,978,24,11736,Media,Online
88,168,555,103,36075,Media,Tienda
89,206,409,129,31493,Alta,Tienda
90,53,812,33,16240,Baja,Mayorista
91,119,720,78,29520,Baja,Online
92,58,900,36,19800,Media,Tienda
93,100,697,58,29274,Alta,Online
94,121,715,80,29315,Baja,Mayorista
95,100,768,68,24576,Alta,Online
96,49,897,31,16146,Baja,Online
97,26,831,21,4155,Alta,Mayorista
98,185,508,106,40132,Media,Online
99,142,536,82,32160,Alta,Online
100,147,512,94,27136,Baja,Tienda
101,91,718,60,22258,Alta,Tienda
102,150,506,83,33902,Media,Tienda
103,180,509,104,38684,Alta,Mayorista
104,188,480,115,35040,Alta,Online
105,130,656,85,29520,Alta,Online
106,81,814,48,26862,Baja,Mayorista
107,32,893,16,14288,Alta,Online
108,60,787,36,18888,Media,Online
109,62,767,31,23777,Baja,Tienda
110,39,860,27,10320,Baja,Mayorista
111,131,530,77,28620,Alta,Mayorista
112,154,591,95,34869,Alta,Mayorista
113,112,681,76,24516,Baja,Mayorista
114,154,595,85,41055,Media,Tienda
115,142,555,88,29970,Media,Mayorista
116,117,652,79,24776,Alta,Tienda
117,109,744,67,31248,Alta,Tienda
118,107,616,56,31416,Baja,Online
119,129,589,68,35929,Media,Online
120,210,375,135,28125,Alta,Tienda
121,115,613,74,25133,Media,Tienda
122,24,884,6,15912,Media,Online
123,144,540,94,27000,Baja,Mayorista
124,114,720,61,38160,Baja,Mayorista
125,136,507,73,31941,Baja,Online
126,212,414,130,33948,Alta,Mayorista
127,115,708,70,31860,Media,Tienda
128,45,846,27,15228,Baja,Tienda
129,32,893,10,19646,Alta,Mayorista
130,199,371,126,27083,Alta,Online
131,38,926,25,12038,Media,Tienda
132,194,370,110,31080,Media,Tienda
133,215,346,134,28026,Baja,Mayorista
134,25,1015,14,11165,Media,Online
135,80,686,55,17150,Media,Online
136,200,361,126,26714,Media,Online
137,188,338,113,25350,Alta,Mayorista
138,124,677,79,30465,Baja,Online
139,178,374,100,29172,Media,Online
140,79,849,51,23772,Media,Tienda
141,201,380,121,30400,Alta,Mayorista
142,126,646,70,36176,Media,Mayorista
143,155,509,97,29522,Media,Tienda
144,107,753,64,32379,Alta,Mayorista
145,51,748,33,13464,Baja,Tienda
146,20,898,6,12572,Alta,Online
147,214,390,122,35880,Media,Mayorista
148,95,626,63,20032,Media,Mayorista
149,70,758,33,28046,Baja,Tienda
150,43,932,31,11184,Media,Mayorista
151,25,839,24,839,Baja,Mayorista
152,218,395,138,31600,Alta,Mayorista
153,22,995,4,17910,Media,Tienda
154,129,652,80,31948,Baja,Online
155,184,470,109,35250,Baja,Tienda
156,88,687,56,21984,Alta,Online
157,184,407,102,33374,Alta,Mayorista
158,174,383,96,29874,Media,Mayorista
159,203,340,120,28220,Alta,Mayorista
160,76,842,36,33680,Baja,Mayorista
161,166,478,93,34894,Alta,Tienda
162,24,927,13,10197,Baja,Online
163,43,961,35,7688,Media,Mayorista
164,38,797,24,11158,Alta,Online
165,40,917,27,11921,Alta,Online
166,72,747,34,28386,Alta,Mayorista
167,110,708,60,35400,Alta,Online
168,191,344,122,23736,Baja,Tienda
169,39,814,20,15466,Media,Online
170,96,746,60,26856,Alta,Mayorista
171,44,784,23,16464,Media,Mayorista
172,95,759,50,34155,Alta,Tienda
173,166,518,89,39886,Media,Tienda
174,135,502,81,27108,Media,Tienda
175,68,804,34,27336,Baja,Mayorista
176,193,406,112,32886,Alta,Tienda
177,65,797,46,15143,Media,Online
178,154,636,89,41340,Baja,Mayorista
179,180,431,104,32756,Baja,Online
180,37,865,19,15570,Baja,Online
181,206,428,117,38092,Baja,Online
182,191,393,106,33405,Media,Tienda
183,177,452,116,27572,Media,Online
184,153,583,97,32648,Media,Online
185,166,417,103,26271,Baja,Tienda
186,64,830,45,15770,Alta,Mayorista
187,185,486,102,40338,Baja,Mayorista
188,136,543,88,26064,Alta,Online
189,193,441,116,33957,Baja,Mayorista
190,57,915,30,24705,Media,Tienda
191,44,823,22,18106,Media,Tienda
192,113,706,75,26828,Media,Online
193,57,738,27,22140,Baja,Mayorista
194,148,458,98,22900,Alta,Mayorista
195,147,473,81,31218,Baja,Tienda
196,161,572,87,42328,Media,Tienda
197,218,299,133,25415,Alta,Mayorista
198,49,933,30,17727,Media,Mayorista
199,26,941,12,13174,Baja,Mayorista
200,126,628,73,33284,Baja,Mayorista
201,149,538,90,31742,Baja,Online
202,44,904,22,19888,Alta,Mayorista
203,107,682,64,29326,Media,Tienda
204,68,804,37,24924,Alta,Online
205,150,608,95,33440,Baja,Tienda
206,204,389,120,32676,Media,Mayorista
207,154,520,82,37440,Media,Online
208,89,807,48,33087,Alta,Online
209,207,462,115,42504,Alta,Online
210,189,511,113,38836,Baja,Online
211,196,434,126,30380,Baja,Online
212,102,619,53,30331,Media,Mayorista
213,88,713,55,23529,Media,Online
214,179,515,110,35535,Baja,Tienda
215,35,973,14,20433,Alta,Mayorista
216,20,917,4,14672,Media,Online
217,100,644,50,32200,Media,Mayorista
218,58,891,37,18711,Media,Mayorista
219,119,722,76,31046,Alta,Tienda
220,174,534,99,40050,Baja,Online
221,95,743,47,35664,Media,Online
222,58,866,28,25980,Baja,Online
223,157,622,101,34832,Alta,Online
224,214,272,123,24752,Alta,Mayorista
225,49,924,23,24024,Baja,Tienda
226,213,329,127,28294,Media,Online
227,33,887,28,4435,Alta,Tienda
228,33,830,19,11620,Media,Mayorista
229,193,351,108,29835,Baja,Online
230,27,980,25,1960,Alta,Online
231,86,826,51,28910,Baja,Tienda
232,156,458,100,25648,Alta,Online
233,119,624,76,26832,Baja,Tienda
234,86,772,42,33968,Media,Mayorista
235,108,578,67,23698,Alta,Tienda
236,128,583,85,25069,Alta,Online
237,199,447,123,33972,Baja,Mayorista
238,187,373,119,25364,Baja,Tienda
239,191,339,118,24747,Media,Online
240,44,836,21,19228,Baja,Mayorista
241,187,455,109,35490,Alta,Online
242,56,914,23,30162,Alta,Online
243,139,646,77,40052,Media,Tienda
244,160,489,86,36186,Alta,Tienda
245,161,464,96,30160,Media,Tienda
246,59,772,26,25476,Media,Online
247,91,705,45,32430,Alta,Mayorista
248,93,687,48,30915,Baja,Tienda
249,91,793,61,23790,Alta,Tienda
250,85,678,43,28476,Media,Online
251,42,883,27,13245,Baja,Tienda
252,64,733,48,11728,Media,Tienda
253,110,732,69,30012,Media,Tienda
254,83,736,54,21344,Alta,Tienda
255,24,917,16,7336,Alta,Mayorista
256,150,645,89,39345,Alta,Online
257,86,694,60,18044,Media,Online
258,181,556,100,45036,Media,Online
259,197,460,122,34500,Baja,Tienda
260,85,663,44,27183,Alta,Online
261,176,480,97,37920,Alta,Mayorista
262,61,798,38,18354,Baja,Mayorista
263,176,425,97,33575,Alta,Tienda
264,193,459,109,38556,Media,Tienda
265,199,339,127,24408,Alta,Mayorista
266,170,588,109,35868,Alta,Online
267,60,753,31,21837,Baja,Mayorista
268,41,856,18,19688,Baja,Mayorista
269,177,384,109,26112,Baja,Mayorista
270,208,373,127,30213,Media,Mayorista
271,159,549,89,38430,Alta,Tienda
272,41,804,22,15276,Media,Online
273,36,810,31,4050,Media,Mayorista
274,63,848,32,26288,Baja,Mayorista
275,215,292,138,22484,Baja,Tienda
276,172,493,104,33524,Alta,Online
277,63,896,46,15232,Alta,Online
278,78,688,51,18576,Alta,Mayorista
279,36,971,15,20391,Alta,Online
280,182,486,113,33534,Baja,Online
281,196,351,113,29133,Media,Mayorista
282,85,670,60,16750,Media,Mayorista
283,129,592,83,27232,Media,Tienda
284,170,520,92,40560,Baja,Tienda
285,194,470,117,36190,Baja,Mayorista
286,174,517,101,37741,Baja,Tienda
287,178,531,107,37701,Alta,Online
288,162,479,93,33051,Baja,Tienda
289,168,440,94,32560,Media,Tienda
290,107,673,63,29612,Alta,Mayorista
291,57,739,43,10346,Media,Online
292,117,655,64,34715,Media,Mayorista
293,68,743,50,13374,Media,Online
294,53,904,39,12656,Baja,Mayorista
295,106,632,73,20856,Alta,Tienda
296,84,770,41,33110,Baja,Mayorista
297,115,754,63,39208,Alta,Tienda
298,181,380,109,27360,Alta,Tienda
299,176,459,112,29376,Alta,Online
300,119,673,65,36342,Media,Mayorista
301,66,860,31,30100,Alta,Mayorista
302,140,574,88,29848,Alta,Online
303,32,984,14,17712,Baja,Mayorista
304,132,697,84,33456,Baja,Online
305,155,435,101,23490,Baja,Mayorista
306,97,657,51,30222,Alta,Tienda
307,96,788,55,32308,Alta,Online
308,95,739,63,23648,Baja,Tienda
309,187,474,120,31758,Baja,Mayorista
310,40,785,27,10205,Baja,Mayorista
311,212,393,125,34191,Alta,Mayorista
312,108,636,56,33072,Baja,Mayorista
313,136,691,90,31786,Alta,Mayorista
314,113,759,63,37950,Alta,Online
315,162,564,96,37224,Baja,Tienda
316,213,374,122,34034,Media,Mayorista
317,84,655,59,16375,Media,Tienda
318,123,562,66,32034,Baja,Online
319,129,664,74,36520,Media,Tienda
320,94,648,56,24624,Alta,Tienda
321,22,939,3,17841,Media,Online
322,172,505,113,29795,Baja,Online
323,57,807,24,26631,Alta,Online
324,95,787,47,37776,Media,Online
325,204,467,118,40162,Alta,Online
326,196,471,114,38622,Baja,Mayorista
327,63,853,46,14501,Media,Tienda
328,191,455,113,35490,Alta,Tienda
329,110,607,72,23066,Alta,Mayorista
330,136,520,75,31720,Baja,Online
331,121,684,74,32148,Media,Online
332,192,409,116,31084,Alta,Mayorista
333,111,725,62,35525,Media,Online
334,109,659,60,32291,Baja,Mayorista
335,89,794,53,28584,Alta,Online
336,201,494,129,35568,Baja,Tienda
337,77,752,40,27824,Media,Tienda
338,38,957,20,17226,Baja,Tienda
339,84,706,59,17650,Baja,Online
340,189,471,107,38622,Media,Tienda
341,188,457,117,32447,Alta,Tienda
342,36,848,25,9328,Alta,Mayorista
343,185,521,108,40117,Alta,Tienda
344,213,413,121,37996,Media,Online
345,121,666,80,27306,Alta,Mayorista
346,90,736,52,27968,Alta,Tienda
347,165,572,107,33176,Alta,Online
348,54,884,27,23868,Baja,Tienda
349,52,769,34,13842,Media,Tienda
350,197,445,111,38270,Alta,Online
351,58,849,38,16980,Media,Tienda
352,42,927,28,12978,Media,Mayorista
353,170,429,102,29172,Media,Tienda
354,199,476,114,40460,Alta,Mayorista
355,178,562,99,44398,Media,Online
356,177,452,112,29380,Baja,Online
357,160,593,103,33801,Alta,Tienda
358,50,765,25,19125,Alta,Tienda
359,204,479,129,35925,Baja,Online
360,105,753,56,36897,Alta,Tienda
361,61,723,44,12291,Baja,Tienda
362,216,361,135,29241,Baja,Online
363,176,481,102,35594,Baja,Online
364,176,410,101,30750,Baja,Online
365,108,630,64,27720,Alta,Mayorista
366,183,381,116,25527,Media,Online
367,153,581,89,37184,Alta,Online
368,81,664,54,17928,Media,Mayorista
369,151,525,97,28350,Media,Mayorista
370,107,664,62,29880,Alta,Tienda
371,46,930,36,9300,Media,Tienda
372,176,453,107,31257,Media,Online
373,31,914,27,3656,Alta,Online
374,22,847,10,10164,Media,Online
375,185,374,109,28424,Media,Mayorista
376,66,890,31,31150,Alta,Online
377,215,255,133,20910,Alta,Online
378,199,400,112,34800,Alta,Tienda
379,71,798,38,26334,Baja,Tienda
380,35,892,24,9812,Media,Online
381,154,530,100,28620,Alta,Online
382,90,631,52,23978,Baja,Mayorista
383,122,558,68,30132,Media,Mayorista
384,44,950,28,15200,Baja,Tienda
385,61,878,38,20194,Baja,Mayorista
386,91,760,54,28120,Media,Online
387,103,601,52,30651,Alta,Mayorista
388,61,803,27,27302,Baja,Tienda
389,135,570,71,36480,Media,Online
390,92,749,53,29211,Baja,Tienda
391,97,701,55,29442,Media,Mayorista
392,165,512,104,31232,Baja,Online
393,163,458,94,31602,Alta,Online
394,47,773,31,12368,Alta,Tienda
395,69,834,39,25020,Media,Tienda
396,111,610,62,29890,Media,Online
397,92,651,58,22134,Baja,Tienda
398,112,618,64,29664,Baja,Tienda
399,53,900,31,19800,Media,Mayorista
400,193,360,125,24480,Baja,Online
401,96,810,62,27540,Media,Online
402,155,525,89,34650,Alta,Online
403,132,699,86,32154,Baja,Mayorista
404,213,267,124,23763,Baja,Online
405,32,805,22,8050,Alta,Mayorista
406,132,587,76,32872,Baja,Tienda
407,118,682,75,29326,Alta,Mayorista
408,87,726,51,26136,Baja,Tienda
409,91,804,55,28944,Media,Online
410,212,293,132,23440,Alta,Mayorista
411,215,350,126,31150,Media,Mayorista
412,168,539,108,32340,Baja,Tienda
413,70,817,42,22876,Alta,Mayorista
414,118,665,65,35245,Alta,Mayorista
415,73,868,53,17360,Media,Online
416,133,532,79,28728,Alta,Online
417,40,813,21,15447,Baja,Mayorista
418,54,854,25,24766,Media,Online
419,205,289,128,22253,Media,Tienda
420,74,762,36,28956,Alta,Online
421,52,800,24,22400,Baja,Online
422,37,850,23,11900,Baja,Tienda
423,157,606,102,33330,Media,Online
424,76,750,45,23250,Baja,Online
425,158,622,95,39186,Alta,Online
426,45,869,28,14773,Baja,Online
427,200,405,129,28755,Media,Mayorista
428,65,830,39,21580,Baja,Online
429,20,991,16,3964,Alta,Online
430,54,785,32,17270,Media,Mayorista
431,142,574,90,29848,Baja,Mayorista
432,199,315,111,27720,Alta,Mayorista
433,70,749,47,17227,Media,Tienda
434,28,901,18,9010,Media,Online
435,146,659,79,44153,Alta,Online
436,78,728,39,28392,Baja,Mayorista
437,122,685,65,39045,Media,Mayorista
438,198,470,112,40420,Media,Tienda
439,200,415,124,31540,Media,Mayorista
440,40,901,19,18921,Media,Mayorista
441,82,800,55,21600,Baja,Online
442,185,386,105,30880,Baja,Mayorista
443,140,598,87,31694,Media,Tienda
444,108,612,63,27540,Baja,Online
445,159,557,97,34534,Alta,Mayorista
446,97,789,60,29193,Media,Mayorista
447,116,616,62,33264,Media,Mayorista
448,110,719,63,33793,Baja,Mayorista
449,184,411,110,30414,Media,Online
450,33,863,20,11219,Baja,Online
451,123,710,74,34790,Baja,Online
452,175,380,109,25080,Alta,Tienda
453,209,435,123,37410,Media,Mayorista
454,118,736,80,27968,Baja,Tienda
455,20,947,2,17046,Media,Tienda
456,150,459,81,31671,Media,Tienda
457,172,575,95,44275,Alta,Tienda
458,46,915,18,25620,Baja,Online
459,155,500,83,36000,Media,Tienda
460,50,760,38,9120,Baja,Mayorista
461,46,828,20,21528,Baja,Mayorista
462,33,985,27,5910,Alta,Mayorista
463,214,309,126,27192,Alta,Mayorista
464,178,557,111,37319,Alta,Mayorista
465,83,657,48,22995,Alta,Tienda
466,54,879,38,14064,Media,Online
467,118,663,70,31824,Media,Mayorista
468,100,624,64,22464,Media,Tienda
469,75,812,50,20300,Baja,Tienda
470,67,893,32,31255,Alta,Online
471,94,801,60,27234,Baja,Online
472,142,560,76,36960,Baja,Online
473,181,483,113,32844,Media,Tienda
474,34,965,25,8685,Baja,Mayorista
475,35,976,23,11712,Media,Mayorista
476,201,368,113,32384,Media,Online
477,199,501,116,41583,Media,Online
478,72,792,42,23760,Alta,Mayorista
479,30,952,21,8568,Media,Tienda
480,105,671,65,26840,Baja,Online
481,183,363,102,29403,Media,Mayorista
482,108,691,64,30404,Baja,Online
483,109,739,66,31777,Alta,Mayorista
484,139,560,92,26320,Alta,Online
485,142,588,94,28224,Media,Mayorista
486,20,867,17,2601,Alta,Mayorista
487,29,1011,8,21231,Baja,Online
488,116,733,66,36650,Media,Tienda
489,170,521,105,33865,Alta,Tienda
490,47,932,27,18640,Media,Tienda
491,118,562,64,30348,Alta,Mayorista
492,84,814,49,28490,Media,Tienda
493,216,344,132,28896,Alta,Tienda
494,185,419,102,34777,Media,Tienda
495,164,443,98,29238,Media,Mayorista
496,112,657,75,24309,Media,Online
497,180,450,112,30600,Alta,Tienda
498,131,626,70,38186,Media,Tienda
499,153,588,85,39984,Media,Tienda
500,155,499,94,30439,Media,Tienda
501,114,708,71,30444,Baja,Tienda
502,211,397,117,37318,Baja,Mayorista
503,62,824,31,25544,Baja,Mayorista
504,20,879,7,11427,Alta,Tienda
505,212,338,125,29406,Baja,Online
506,188,510,117,36210,Media,Mayorista
507,173,506,96,38962,Media,Online
508,94,723,53,29643,Baja,Mayorista
509,74,709,37,26233,Media,Online
510,23,835,18,4175,Alta,Tienda
511,142,571,82,34260,Baja,Mayorista
512,91,796,47,35024,Media,Online
513,214,321,127,27927,Media,Mayorista
514,202,388,126,29488,Media,Mayorista
515,207,464,132,34800,Media,Mayorista
516,39,784,18,16464,Baja,Mayorista
517,46,869,31,13035,Media,Mayorista
518,168,454,108,27240,Media,Tienda
519,104,758,53,38658,Baja,Online
520,118,623,73,28035,Alta,Tienda
521,90,722,57,23826,Baja,Tienda
522,44,886,31,11518,Baja,Online
523,109,690,70,26910,Alta,Mayorista
524,146,591,83,37233,Media,Mayorista
525,193,371,108,31535,Alta,Mayorista
526,198,444,121,34188,Alta,Online
527,85,697,51,23698,Alta,Mayorista
528,208,367,131,28259,Media,Online
529,71,794,51,15880,Media,Online
530,215,261,136,20619,Alta,Tienda
531,153,551,96,31407,Baja,Online
532,127,658,85,27636,Baja,Online
533,63,757,28,26495,Media,Online
534,54,805,30,19320,Alta,Online
535,175,478,108,32026,Media,Mayorista
536,174,406,99,30450,Alta,Online
537,138,576,85,30528,Media,Mayorista
538,181,452,106,33900,Media,Mayorista
539,51,815,24,22005,Alta,Mayorista
540,24,940,11,12220,Alta,Online
541,108,738,64,32472,Media,Tienda
542,92,646,51,26486,Baja,Online
543,124,692,80,30448,Media,Mayorista
544,139,490,92,23030,Alta,Mayorista
545,172,502,96,38152,Baja,Online
546,83,849,45,32262,Baja,Mayorista
547,54,862,29,21550,Baja,Online
548,46,837,21,20925,Media,Mayorista
549,141,615,88,32595,Media,Mayorista
550,92,799,58,27166,Alta,Mayorista
551,132,532,79,28196,Media,Tienda
552,50,771,34,12336,Baja,Mayorista
553,88,694,51,25678,Media,Online
554,59,882,35,21168,Alta,Online
555,130,667,80,33350,Media,Online
556,28,988,23,4940,Baja,Mayorista
557,26,975,7,18525,Media,Mayorista
558,24,930,6,16740,Baja,Tienda
559,169,573,96,41829,Alta,Mayorista
560,85,743,59,19318,Alta,Online
561,210,442,116,41548,Media,Tienda
562,32,876,21,9636,Media,Mayorista
563,106,588,71,20580,Baja,Tienda
564,35,803,27,6424,Baja,Online
565,136,620,79,35340,Media,Tienda
566,212,305,127,25925,Baja,Tienda
567,63,903,38,22575,Alta,Mayorista
568,87,814,50,30118,Baja,Mayorista
569,144,656,88,36736,Baja,Online
570,103,718,69,24412,Media,Mayorista
571,145,600,90,33000,Media,Tienda
572,154,566,82,40752,Baja,Mayorista
573,29,824,15,11536,Alta,Online
574,128,579,81,27213,Alta,Tienda
575,175,481,100,36075,Alta,Online
576,44,805,19,20125,Media,Tienda
577,68,851,35,28083,Baja,Tienda
578,203,291,130,21243,Alta,Online
579,34,965,17,16405,Media,Mayorista
580,47,840,25,18480,Baja,Tienda
581,87,788,56,24428,Alta,Tienda
582,95,756,59,27216,Alta,Tienda
583,134,669,83,34119,Media,Mayorista
584,119,564,63,31584,Alta,Tienda
585,98,770,49,37730,Media,Online
586,175,550,108,36850,Baja,Online
587,173,457,98,34275,Media,Mayorista
588,148,483,93,26565,Baja,Tienda
589,202,300,113,26700,Alta,Tienda
590,216,255,121,24225,Media,Mayorista
591,20,870,18,1740,Alta,Tienda
592,75,771,52,17733,Alta,Online
593,23,939,19,3756,Media,Online
594,179,505,101,39390,Alta,Online
595,105,746,69,26856,Media,Tienda
596,89,789,50,30771,Alta,Mayorista
597,89,796,53,28656,Alta,Tienda
598,170,398,99,28258,Alta,Tienda
599,123,535,67,29960,Media,Tienda
600,58,860,32,22360,Baja,Tienda
601,195,360,111,30240,Media,Online
602,96,649,53,27907,Baja,Tienda
603,125,584,84,23944,Baja,Tienda
604,165,419,91,31006,Alta,Online
605,100,788,56,34672,Alta,Online
606,27,1013,8,19247,Baja,Tienda
607,39,979,28,10769,Alta,Online
608,70,723,41,20967,Alta,Online
609,37,924,16,19404,Media,Online
610,155,517,97,29986,Alta,Tienda
611,49,783,26,18009,Alta,Tienda
612,181,519,99,42558,Media,Online
613,132,675,74,39150,Baja,Tienda
614,52,936,31,19656,Media,Mayorista
615,161,446,103,25868,Media,Mayorista
616,70,873,48,19206,Baja,Tienda
617,167,400,96,28400,Media,Mayorista
618,58,771,28,23130,Alta,Online
619,144,473,96,22704,Alta,Mayorista
620,37,963,15,21186,Alta,Mayorista
621,32,907,19,11791,Media,Tienda
622,63,823,28,28805,Baja,Online
623,173,422,100,30806,Baja,Tienda
624,122,546,76,25116,Media,Online
625,161,501,87,37074,Media,Mayorista
626,43,908,19,21792,Baja,Mayorista
627,193,333,115,25974,Media,Online
628,132,517,85,24299,Baja,Mayorista
629,82,731,52,21930,Baja,Online
630,100,670,64,24120,Media,Mayorista
631,140,572,78,35464,Alta,Tienda
632,45,935,24,19635,Baja,Mayorista
633,50,831,39,9141,Media,Tienda
634,138,599,73,38935,Baja,Online
635,142,493,93,24157,Alta,Online
636,120,673,66,36342,Media,Mayorista
637,94,638,49,28710,Alta,Tienda
638,43,884,15,24752,Alta,Mayorista
639,57,812,25,25984,Media,Mayorista
640,59,761,27,24352,Media,Mayorista
641,66,800,31,28000,Media,Online
642,117,733,75,30786,Baja,Mayorista
643,82,715,59,16445,Media,Tienda
644,55,898,25,26940,Alta,Online
645,170,397,92,30966,Baja,Mayorista
646,162,537,100,33294,Baja,Tienda
647,129,514,82,24158,Media,Tienda
648,132,551,69,34713,Alta,Online
649,32,874,24,6992,Alta,Mayorista
650,169,409,100,28221,Baja,Mayorista
651,216,322,123,29946,Baja,Mayorista
652,36,943,25,10373,Media,Tienda
653,28,843,25,2529,Media,Online
654,72,791,40,25312,Baja,Mayorista
655,23,1024,11,12288,Alta,Tienda
656,167,496,103,31744,Media,Mayorista
657,35,977,14,20517,Media,Tienda
658,139,569,92,26743,Alta,Online
659,209,458,133,34808,Media,Mayorista
660,137,649,84,34397,Alta,Online
661,115,666,70,29970,Baja,Online
662,164,548,95,37812,Baja,Online
663,75,704,46,20416,Alta,Tienda
664,52,912,23,26448,Baja,Mayorista
665,86,764,46,30560,Media,Online
666,126,552,75,28152,Baja,Online
667,179,513,112,34371,Baja,Tienda
668,166,403,106,24180,Alta,Tienda
669,132,580,78,31320,Alta,Tienda
670,132,552,70,34224,Baja,Online
671,91,731,53,27778,Alta,Mayorista
672,141,673,88,35669,Media,Tienda
673,94,763,65,22127,Alta,Mayorista
674,181,489,104,37653,Baja,Tienda
675,112,705,71,28905,Media,Mayorista
676,183,511,118,33215,Media,Online
677,217,405,128,36045,Baja,Tienda
678,78,717,44,24378,Media,Mayorista
679,93,738,50,31734,Baja,Online
680,150,492,98,25584,Media,Tienda
681,49,761,28,15981,Baja,Tienda
682,74,831,52,18282,Media,Online
683,22,834,20,1668,Baja,Online
684,143,662,87,37072,Baja,Tienda
685,167,580,91,44080,Baja,Online
686,119,589,65,31806,Alta,Mayorista
687,216,320,138,24960,Baja,Online
688,51,838,22,24302,Media,Mayorista
689,73,805,37,28980,Baja,Mayorista
690,107,756,60,35532,Media,Mayorista
691,165,418,94,29678,Alta,Online
692,26,1014,21,5070,Baja,Tienda
693,174,385,105,26565,Alta,Tienda
694,83,846,52,26226,Media,Tienda
695,145,610,84,37210,Media,Mayorista
696,73,717,39,24378,Alta,Online
697,74,682,47,18414,Baja,Online
698,116,568,77,22152,Media,Tienda
699,37,943,18,17917,Media,Tienda
700,213,405,120,37665,Baja,Online
701,82,701,51,21731,Baja,Mayorista
702,125,656,80,29520,Alta,Mayorista
703,115,639,61,34506,Baja,Online
704,143,611,93,30550,Media,Mayorista
705,49,909,37,10908,Baja,Tienda
706,154,571,84,39970,Baja,Tienda
707,62,725,34,20300,Alta,Tienda
708,99,640,50,31360,Baja,Online
709,130,682,83,32054,Alta,Tienda
710,183,354,118,23010,Media,Online
711,91,801,52,31239,Alta,Tienda
712,68,825,43,20625,Baja,Tienda
713,124,634,75,31066,Media,Mayorista
714,183,471,109,34854,Baja,Mayorista
715,123,665,67,37240,Media,Tienda
716,172,391,102,27370,Media,Tienda
717,120,631,80,25240,Media,Online
718,93,768,46,36096,Media,Online
719,192,422,106,36292,Baja,Tienda
720,96,738,51,33210,Alta,Online
721,38,926,17,19446,Alta,Online
722,163,434,90,31682,Baja,Tienda
723,81,669,47,22746,Alta,Online
724,43,895,28,13425,Media,Tienda
725,127,579,83,25476,Media,Online
726,127,656,74,34768,Alta,Online
727,47,777,19,21756,Media,Tienda
728,75,839,42,27687,Alta,Online
729,93,811,50,34873,Baja,Online
730,72,875,34,33250,Alta,Tienda
731,164,543,105,32037,Media,Online
732,35,856,16,16264,Media,Tienda
733,124,645,76,30960,Baja,Online
734,191,389,108,32287,Alta,Tienda
735,134,607,74,36420,Alta,Mayorista
736,120,706,69,36006,Alta,Mayorista
737,81,794,58,18262,Media,Online
738,88,737,47,30217,Media,Online
739,26,1006,10,16096,Baja,Tienda
740,75,838,36,32682,Media,Mayorista
741,105,779,67,29602,Baja,Mayorista
742,177,438,115,27156,Baja,Tienda
743,192,375,109,31125,Alta,Mayorista
744,124,573,69,31515,Alta,Tienda
745,73,769,48,19225,Media,Tienda
746,44,925,27,15725,Media,Online
747,88,828,58,24840,Alta,Tienda
748,121,627,63,36366,Baja,Tienda
749,211,311,128,25813,Media,Tienda
750,204,442,117,38454,Alta,Online
751,153,628,81,45216,Baja,Mayorista
752,65,740,44,15540,Baja,Online
753,177,466,98,36814,Alta,Tienda
754,166,432,101,28080,Alta,Tienda
755,132,649,73,38291,Media,Online
756,146,621,95,31671,Alta,Tienda
757,21,838,10,9218,Baja,Mayorista
758,21,957,7,13398,Alta,Mayorista
759,83,799,55,22372,Media,Tienda
760,46,854,29,14518,Baja,Online
761,195,430,110,36550,Alta,Mayorista
762,81,811,38,34873,Alta,Mayorista
763,35,932,25,9320,Alta,Tienda
764,199,401,113,34486,Media,Tienda
765,191,385,116,28875,Media,Mayorista
766,149,648,80,44712,Baja,Online
767,196,468,109,40716,Baja,Tienda
768,162,573,93,39537,Media,Tienda
769,153,484,101,25168,Alta,Tienda
770,139,491,80,28969,Media,Mayorista
771,107,772,59,37056,Alta,Mayorista
772,39,924,31,7392,Media,Tienda
773,204,472,130,34928,Baja,Tienda
774,191,402,120,28542,Baja,Tienda
775,217,310,126,28210,Baja,Mayorista
776,27,1014,6,21294,Alta,Online
777,124,601,71,31853,Alta,Online
778,215,336,124,30576,Baja,Mayorista
779,216,451,124,41492,Baja,Online
780,138,500,86,26000,Alta,Tienda
781,92,636,45,29892,Alta,Tienda
782,33,839,29,3356,Alta,Online
783,168,505,107,30805,Media,Online
784,166,425,90,32300,Alta,Online
785,136,642,75,39162,Baja,Tienda
786,89,690,50,26910,Baja,Tienda
787,116,584,78,22192,Baja,Mayorista
788,139,561,84,30855,Alta,Tienda
789,149,651,89,39060,Baja,Online
790,180,478,103,36806,Media,Mayorista
791,41,937,23,16866,Alta,Online
792,46,911,35,10021,Baja,Tienda
793,48,780,24,18720,Baja,Tienda
794,75,872,44,27032,Baja,Mayorista
795,147,464,78,32016,Baja,Online
796,218,249,138,19920,Baja,Mayorista
797,129,563,69,33780,Alta,Mayorista
798,156,460,93,28980,Baja,Mayorista
799,81,837,57,20088,Alta,Mayorista
800,118,600,77,24600,Media,Mayorista
801,139,523,92,24581,Alta,Online
802,168,573,101,38391,Baja,Online
803,54,874,25,25346,Media,Tienda
804,57,832,43,11648,Alta,Tienda
805,159,552,88,39192,Baja,Online
806,205,339,128,26103,Alta,Online
807,103,775,68,27125,Media,Mayorista
808,123,577,83,23080,Alta,Mayorista
809,161,481,96,31265,Media,Mayorista
810,176,480,110,31680,Alta,Mayorista
811,97,691,58,26949,Baja,Online
812,211,335,133,26130,Media,Online
813,27,971,10,16507,Alta,Online
814,112,626,68,27544,Alta,Online
815,214,296,132,24272,Baja,Online
816,215,314,133,25748,Alta,Mayorista
817,217,283,131,24338,Baja,Tienda
818,94,639,54,25560,Baja,Tienda
819,214,435,132,35670,Media,Mayorista
820,89,653,57,20896,Alta,Mayorista
821,93,664,52,27224,Media,Tienda
822,107,756,67,30240,Alta,Mayorista
823,151,532,82,36708,Media,Tienda
824,103,722,69,24548,Alta,Online
825,136,565,82,30510,Alta,Online
826,45,863,19,22438,Media,Tienda
827,36,887,13,20401,Media,Tienda
828,122,578,64,33524,Media,Mayorista
829,75,748,39,26928,Media,Tienda
830,118,682,74,30008,Media,Online
831,49,761,36,9893,Media,Online
832,140,508,75,33020,Baja,Online
833,63,784,33,23520,Alta,Mayorista
834,187,429,109,33462,Media,Tienda
835,118,546,66,28392,Alta,Mayorista
836,58,863,38,17260,Alta,Online
837,129,663,72,37791,Media,Mayorista
838,93,700,52,28700,Alta,Online
839,118,608,63,33440,Alta,Tienda
840,143,620,81,38440,Media,Tienda
841,130,520,75,28600,Baja,Mayorista
842,119,653,70,31997,Alta,Online
843,80,801,40,32040,Media,Online
844,80,816,43,30192,Alta,Tienda
845,122,707,68,38178,Baja,Mayorista
846,26,974,6,19480,Alta,Tienda
847,41,935,34,6545,Media,Tienda
848,83,794,46,29378,Media,Tienda
849,137,686,81,38416,Media,Mayorista
850,92,782,53,30498,Alta,Tienda
851,105,756,60,34020,Alta,Tienda
852,124,541,77,25427,Media,Online
853,44,946,21,21758,Baja,Tienda
854,218,402,125,37386,Alta,Tienda
855,113,756,59,40824,Alta,Tienda
856,34,865,11,19895,Alta,Online
857,78,805,52,20930,Baja,Online
858,135,556,78,31692,Baja,Mayorista
859,136,499,81,27445,Media,Mayorista
860,144,509,86,29522,Media,Mayorista
861,124,530,77,24910,Alta,Tienda
862,28,960,23,4800,Media,Online
863,88,773,62,20098,Media,Mayorista
864,150,625,90,37500,Baja,Mayorista
865,124,627,74,31350,Baja,Online
866,46,789,32,11046,Baja,Mayorista
867,201,405,123,31590,Alta,Mayorista
868,74,691,50,16584,Media,Online
869,41,799,28,10387,Alta,Online
870,59,751,28,23281,Baja,Mayorista
871,209,392,125,32928,Baja,Tienda
872,217,324,135,26568,Baja,Tienda
873,58,867,36,19074,Baja,Tienda
874,30,857,26,3428,Media,Mayorista
875,105,784,62,33712,Alta,Mayorista
876,177,447,112,29055,Alta,Mayorista
877,204,394,123,31914,Media,Mayorista
878,140,548,93,25756,Media,Online
879,48,920,21,24840,Baja,Mayorista
880,107,662,64,28466,Baja,Tienda
881,25,883,7,15894,Baja,Mayorista
882,31,851,9,18722,Alta,Mayorista
883,210,303,130,24240,Media,Online
884,64,875,37,23625,Baja,Tienda
885,168,495,93,37125,Alta,Online
886,182,480,101,38880,Alta,Online
887,142,667,94,32016,Alta,Online
888,167,417,99,28356,Media,Tienda
889,136,643,90,29578,Alta,Online
890,28,916,7,19236,Baja,Tienda
891,146,497,86,29820,Media,Online
892,20,866,14,5196,Alta,Online
893,181,468,104,36036,Media,Mayorista
894,105,593,59,27278,Baja,Online
895,98,758,60,28804,Media,Tienda
896,194,451,110,37884,Media,Tienda
897,168,513,96,36936,Alta,Tienda
898,47,908,37,9080,Baja,Online
899,112,708,71,29028,Baja,Mayorista
900,176,411,95,33291,Baja,Mayorista
901,95,747,52,32121,Alta,Tienda
902,72,796,43,23084,Baja,Online
903,101,785,52,38465,Media,Tienda
904,139,681,79,40860,Alta,Mayorista
905,106,700,58,33600,Media,Online
906,170,487,105,31655,Baja,Tienda
907,58,730,40,13140,Baja,Online
908,120,712,65,39160,Media,Tienda
909,99,604,58,24764,Media,Online
910,204,424,122,34768,Alta,Tienda
911,89,799,58,24769,Alta,Tienda
912,98,729,53,32805,Alta,Tienda
913,145,478,78,32026,Alta,Mayorista
914,182,458,104,35724,Alta,Tienda
915,159,474,88,33654,Media,Tienda
916,187,374,113,27676,Baja,Online
917,76,841,45,26071,Media,Online
918,145,648,84,39528,Alta,Mayorista
919,80,786,55,19650,Alta,Online
920,131,663,81,33150,Baja,Mayorista
921,46,786,30,12576,Media,Mayorista
922,68,723,43,18075,Alta,Mayorista
923,36,841,11,21025,Baja,Mayorista
924,75,748,39,26928,Alta,Online
925,27,825,13,11550,Baja,Online
926,134,680,88,31280,Alta,Mayorista
927,67,736,36,22816,Baja,Mayorista
928,109,733,63,33718,Alta,Tienda
929,141,485,93,23280,Alta,Online
930,207,376,121,32336,Media,Tienda
931,117,634,70,29798,Media,Online
932,203,437,123,34960,Media,Mayorista
933,162,601,89,43873,Alta,Tienda
934,161,508,94,34036,Baja,Tienda
935,217,427,121,40992,Alta,Mayorista
936,42,838,25,14246,Media,Tienda
937,151,644,87,41216,Alta,Tienda
938,70,835,50,16700,Baja,Online
939,170,513,106,32832,Media,Online
940,97,793,57,31720,Media,Online
941,82,753,55,20331,Alta,Mayorista
942,39,970,31,7760,Alta,Online
943,62,834,41,17514,Alta,Tienda
944,68,834,47,17514,Baja,Tienda
945,215,334,124,30394,Baja,Online
946,77,745,50,20115,Media,Mayorista
947,193,364,107,31304,Baja,Tienda
948,125,674,69,37744,Baja,Tienda
949,131,612,88,26316,Baja,Tienda
950,151,451,81,31570,Baja,Mayorista
951,167,489,108,28851,Media,Mayorista
952,82,742,57,18550,Baja,Online
953,122,703,65,40071,Alta,Mayorista
954,55,871,36,16549,Baja,Mayorista
955,171,542,107,34688,Media,Online
956,148,522,85,32886,Alta,Online
957,104,646,68,23256,Alta,Tienda
958,125,662,73,34424,Media,Online
959,214,420,131,34860,Media,Online
960,96,776,49,36472,Alta,Online
961,41,967,30,10637,Baja,Tienda
962,209,318,124,27030,Baja,Online
963,195,328,108,28536,Media,Tienda
964,25,886,12,11518,Baja,Tienda
965,139,652,82,37164,Baja,Tienda
966,99,656,56,28208,Media,Online
967,90,750,49,30750,Alta,Tienda
968,117,655,70,30785,Alta,Mayorista
969,110,656,67,28208,Media,Online
970,147,568,81,37488,Media,Mayorista
971,147,609,86,37149,Alta,Mayorista
972,95,706,47,33888,Baja,Online
973,80,705,50,21150,Baja,Tienda
974,87,648,48,25272,Baja,Online
975,59,851,29,25530,Baja,Online
976,44,813,34,8130,Alta,Online
977,151,451,83,30668,Alta,Tienda
978,85,759,41,33396,Baja,Online
979,88,662,57,20522,Media,Online
980,116,616,64,32032,Media,Online
981,190,473,111,37367,Alta,Mayorista
982,78,796,42,28656,Media,Mayorista
983,199,309,128,21939,Baja,Online
984,49,897,24,22425,Baja,Tienda
985,111,711,61,35550,Baja,Mayorista
986,51,860,29,18920,Media,Online
987,217,311,135,25502,Alta,Online
988,80,791,45,27685,Baja,Tienda
989,126,716,76,35800,Media,Tienda
990,206,373,122,31332,Baja,Tienda
991,125,608,83,25536,Media,Mayorista
992,82,752,46,27072,Baja,Online
993,40,780,32,6240,Alta,Online
994,22,920,15,6440,Alta,Online
995,51,855,39,10260,Alta,Online
996,51,791,30,16611,Alta,Online
997,40,841,20,16820,Alta,Online
998,112,707,64,33936,Baja,Tienda
999,212,393,136,29868,Media,Mayorista
1000,144,482,90,26028,Alta,Online
1001,143,533,81,33046,Baja,Mayorista
1002,46,893,33,11609,Baja,Tienda
1003,47,832,31,13312,Baja,Online
1004,208,401,117,36491,Baja,Online
1005,168,517,94,38258,Baja,Online
1006,173,512,111,31744,Baja,Online
1007,101,619,65,22284,Alta,Tienda
1008,126,644,67,37996,Media,Online
1009,103,669,70,22077,Alta,Online
1010,127,674,71,37744,Baja,Online
1011,211,433,131,34640,Alta,Mayorista
1012,156,498,84,35856,Baja,Mayorista
1013,219,360,126,33480,Baja,Tienda
1014,197,508,113,42672,Media,Mayorista
1015,114,716,78,25776,Media,Online
1016,45,851,19,22126,Media,Online
1017,89,717,45,31548,Baja,Tienda
1018,66,900,44,19800,Baja,Online
1019,159,444,97,27528,Alta,Mayorista
1020,203,425,124,33575,Baja,Mayorista
1021,199,437,114,37145,Alta,Tienda
1022,172,484,101,34364,Alta,Mayorista
1023,109,689,68,28249,Baja,Online
1024,187,400,104,33200,Alta,Mayorista
1025,135,559,87,26832,Alta,Online
1026,188,361,112,27436,Media,Mayorista
1027,43,843,27,13488,Media,Tienda
1028,170,519,93,39963,Alta,Tienda
1029,126,713,80,32798,Alta,Tienda
1030,66,799,40,20774,Media,Online
1031,197,406,122,30450,Media,Tienda
1032,153,481,94,28379,Alta,Mayorista
1033,213,328,125,28864,Alta,Tienda
1034,119,631,71,30288,Baja,Mayorista
1035,206,364,116,32760,Media,Online
1036,189,470,112,36190,Baja,Mayorista
1037,61,776,34,20952,Media,Mayorista
1038,46,891,24,19602,Baja,Online
1039,85,720,57,20160,Media,Online
1040,60,849,42,15282,Media,Mayorista
1041,145,510,93,26520,Media,Online
1042,88,646,61,17442,Baja,Mayorista
1043,87,729,43,32076,Media,Mayorista
1044,142,538,81,32818,Media,Online
1045,144,538,85,31742,Baja,Mayorista
1046,186,392,105,31752,Alta,Tienda
1047,106,668,67,26052,Alta,Tienda
1048,208,380,117,34580,Alta,Mayorista
1049,88,739,53,25865,Alta,Online
1050,145,515,85,30900,Baja,Mayorista
1051,209,371,127,30422,Alta,Mayorista
1052,132,577,73,34043,Alta,Online
1053,85,810,41,35640,Baja,Tienda
1054,23,986,16,6902,Media,Mayorista
1055,137,605,90,28435,Media,Online
1056,59,735,28,22785,Baja,Tienda
1057,98,790,53,35550,Media,Tienda
1058,152,489,91,29829,Media,Online
1059,163,580,100,36540,Alta,Mayorista
1060,143,543,92,27693,Media,Online
1061,137,520,85,27040,Baja,Online
1062,72,763,45,20601,Media,Online
1063,189,386,117,27792,Media,Tienda
1064,118,565,62,31640,Media,Tienda
1065,41,819,21,16380,Alta,Tienda
1066,87,694,54,22902,Media,Online
1067,169,420,101,28560,Baja,Online
1068,80,707,53,19089,Media,Tienda
1069,70,788,50,15760,Alta,Tienda
1070,216,268,121,25460,Alta,Tienda
1071,219,360,132,31320,Baja,Online
1072,40,797,29,8767,Baja,Tienda
1073,55,743,38,12631,Alta,Online
1074,217,293,139,22854,Baja,Online
1075,177,386,98,30494,Media,Online
1076,78,779,54,18696,Alta,Online
1077,56,760,28,21280,Media,Mayorista
1078,158,476,84,35224,Baja,Online
1079,101,729,63,27702,Baja,Mayorista
1080,97,627,63,21318,Media,Tienda
1081,194,414,120,30636,Baja,Tienda
1082,99,623,62,23051,Baja,Online
1083,70,713,35,24955,Baja,Online
1084,110,696,66,30624,Media,Online
1085,122,565,66,31640,Baja,Mayorista
1086,55,886,41,12404,Baja,Mayorista
1087,142,617,77,40105,Media,Online
1088,177,530,115,32860,Alta,Mayorista
1089,32,916,18,12824,Baja,Tienda
1090,114,625,66,30000,Alta,Online
1091,58,730,29,21170,Alta,Mayorista
1092,56,855,42,11970,Baja,Online
1093,86,768,60,19968,Baja,Tienda
1094,117,735,64,38955,Alta,Online
1095,50,846,22,23688,Baja,Online
1096,66,769,30,27684,Media,Tienda
1097,107,732,71,26352,Media,Mayorista
1098,31,1006,11,20120,Baja,Tienda
1099,196,436,122,32264,Media,Mayorista
1100,38,888,24,12432,Alta,Mayorista
1101,160,484,98,30008,Media,Tienda
1102,149,495,91,28710,Baja,Mayorista
1103,105,603,64,24723,Alta,Tienda
1104,175,395,109,26070,Alta,Online
1105,35,808,21,11312,Baja,Mayorista
1106,185,347,106,27413,Alta,Tienda
1107,139,557,74,36205,Baja,Mayorista
1108,180,459,113,30753,Media,Tienda
1109,25,879,15,8790,Media,Tienda
1110,114,600,78,21600,Media,Mayorista
1111,133,593,78,32615,Alta,Online
1112,214,379,118,36384,Baja,Tienda
1113,102,682,59,29326,Baja,Online
1114,132,530,72,31800,Alta,Tienda
1115,163,495,88,37125,Baja,Mayorista
1116,169,407,101,27676,Alta,Tienda
1117,47,901,21,23426,Baja,Mayorista
1118,119,559,62,31863,Baja,Online
1119,77,764,51,19864,Baja,Tienda
1120,94,786,48,36156,Baja,Online
1121,198,350,120,27300,Baja,Tienda
1122,98,632,59,24648,Media,Online
1123,214,384,136,29952,Baja,Online
1124,97,768,61,27648,Baja,Tienda
1125,197,452,118,35708,Baja,Mayorista
1126,137,565,82,31075,Alta,Mayorista
1127,49,774,38,8514,Media,Online
1128,197,319,120,24563,Media,Online
1129,119,739,78,30299,Baja,Mayorista
1130,179,396,104,29700,Media,Online
1131,99,603,58,24723,Media,Online
1132,27,930,22,4650,Baja,Tienda
1133,208,316,124,26544,Baja,Online
1134,108,753,62,34638,Alta,Mayorista
1135,183,395,118,25675,Media,Online
1136,64,840,32,26880,Media,Tienda
1137,91,702,62,20358,Alta,Mayorista
1138,28,829,21,5803,Alta,Tienda
1139,72,767,43,22243,Alta,Mayorista
1140,193,325,106,28275,Alta,Mayorista
1141,52,835,40,10020,Baja,Online
1142,204,293,126,22854,Media,Online
1143,219,382,132,33234,Media,Tienda
1144,147,478,96,24378,Baja,Tienda
1145,29,988,23,5928,Baja,Tienda
1146,164,568,105,33512,Baja,Online
1147,29,864,15,12096,Media,Tienda
1148,174,516,113,31476,Alta,Mayorista
1149,219,431,137,35342,Media,Online
1150,136,676,77,39884,Baja,Online
1151,194,393,109,33405,Alta,Mayorista
1152,101,752,65,27072,Media,Mayorista
1153,81,667,41,26680,Baja,Mayorista
1154,104,591,64,23640,Baja,Online
1155,123,596,67,33376,Media,Mayorista
1156,138,668,81,38076,Media,Online
1157,190,357,114,27132,Baja,Mayorista
1158,108,587,73,20545,Baja,Mayorista
1159,25,908,15,9080,Media,Tienda
1160,144,560,78,36960,Alta,Mayorista
1161,174,528,107,35376,Alta,Mayorista
1162,163,481,91,34632,Media,Mayorista
1163,203,479,113,43110,Alta,Online
1164,79,769,52,20763,Media,Tienda
1165,84,760,54,22800,Baja,Tienda
1166,124,541,81,23263,Baja,Mayorista
1167,92,731,64,20468,Alta,Mayorista
1168,205,325,114,29575,Media,Online
1169,49,799,35,11186,Media,Tienda
1170,70,771,45,19275,Media,Tienda
1171,202,382,128,28268,Media,Mayorista
1172,202,374,124,29172,Baja,Tienda
1173,77,767,37,30680,Media,Online
1174,127,635,72,34925,Media,Online
1175,185,394,102,32702,Media,Mayorista
1176,97,644,58,25116,Media,Online
1177,88,685,58,20550,Media,Tienda
1178,165,426,98,28542,Media,Online
1179,83,676,39,29744,Media,Online
1180,157,582,94,36666,Baja,Mayorista
1181,90,743,53,27491,Alta,Online
1182,81,679,40,27839,Alta,Tienda
1183,134,681,80,36774,Baja,Tienda
1184,183,473,107,35948,Baja,Online
1185,66,839,38,23492,Baja,Online
1186,212,338,129,28054,Alta,Online
1187,112,671,77,23485,Baja,Tienda
1188,148,620,85,39060,Media,Online
1189,141,480,81,28800,Baja,Online
1190,173,551,96,42427,Media,Mayorista
1191,61,888,30,27528,Alta,Mayorista
1192,193,349,124,24081,Alta,Tienda
1193,108,732,71,27084,Media,Online
1194,84,682,44,27280,Baja,Mayorista
1195,30,981,26,3924,Alta,Tienda
1196,158,431,90,29308,Alta,Online
1197,210,307,121,27323,Alta,Online
1198,138,684,75,43092,Baja,Online
1199,108,681,70,25878,Alta,Mayorista
1200,128,588,85,25284,Alta,Online
1201,166,420,96,29400,Alta,Online
1202,190,455,106,38220,Alta,Online
1203,164,516,101,32508,Alta,Online
1204,158,479,91,32093,Media,Tienda
1205,72,804,34,30552,Alta,Online
1206,139,533,75,34112,Baja,Tienda
1207,79,855,43,30780,Baja,Tienda
1208,152,533,83,36777,Alta,Tienda
1209,108,615,61,28905,Alta,Mayorista
1210,189,387,114,29025,Media,Mayorista
1211,69,747,35,25398,Media,Tienda
1212,108,629,71,23273,Media,Online
1213,92,768,55,28416,Alta,Tienda
1214,182,499,111,35429,Media,Online
1215,154,605,90,38720,Baja,Tienda
1216,119,608,73,27968,Baja,Mayorista
1217,30,820,24,4920,Media,Mayorista
1218,209,405,116,37665,Media,Tienda
1219,215,297,122,27621,Alta,Tienda
1220,199,337,128,23927,Baja,Online
1221,154,576,100,31104,Media,Online
1222,115,560,62,29680,Media,Online
1223,70,873,38,27936,Media,Online
1224,123,640,69,34560,Alta,Online
1225,184,506,113,35926,Baja,Mayorista
1226,76,695,47,20155,Media,Online
1227,133,617,78,33935,Alta,Online
1228,33,972,29,3888,Media,Online
1229,89,783,51,29754,Baja,Online
1230,58,864,38,17280,Media,Mayorista
1231,210,390,121,34710,Baja,Tienda
1232,69,864,50,16416,Alta,Online
1233,161,450,87,33300,Baja,Online
1234,49,850,33,13600,Baja,Mayorista
1235,81,708,41,28320,Baja,Online
1236,73,848,34,33072,Media,Online
1237,178,479,108,33530,Media,Tienda
1238,168,593,97,42103,Media,Tienda
1239,20,967,8,11604,Media,Mayorista
1240,101,622,63,23636,Alta,Mayorista
1241,128,632,82,29072,Media,Online
1242,154,501,99,27555,Alta,Online
1243,217,402,138,31758,Media,Online
1244,24,865,24,0,Alta,Tienda
1245,83,778,45,29564,Baja,Mayorista
1246,104,737,69,25795,Alta,Mayorista
1247,146,467,94,24284,Media,Online
1248,154,507,93,30927,Media,Mayorista
1249,33,824,15,14832,Alta,Tienda
1250,201,477,124,36729,Media,Tienda
1251,159,518,105,27972,Media,Online
1252,69,824,41,23072,Media,Tienda
1253,217,362,138,28598,Baja,Mayorista
1254,219,243,131,21384,Baja,Online
1255,84,752,45,29328,Alta,Tienda
1256,212,283,118,26602,Baja,Online
1257,206,468,122,39312,Alta,Online
1258,58,896,44,12544,Alta,Mayorista
1259,155,540,93,33480,Media,Online
1260,109,687,70,26793,Baja,Online
1261,106,662,57,32438,Media,Online
1262,119,691,67,35932,Alta,Online
1263,63,811,45,14598,Baja,Tienda
1264,115,741,64,37791,Baja,Tienda
1265,205,420,125,33600,Alta,Tienda
1266,140,663,79,40443,Media,Online
1267,168,548,106,33976,Alta,Mayorista
1268,99,795,64,27825,Media,Tienda
1269,44,837,25,15903,Alta,Online
1270,96,680,55,27880,Media,Mayorista
1271,125,665,79,30590,Media,Tienda
1272,118,553,73,24885,Alta,Mayorista
1273,123,668,81,28056,Media,Tienda
1274,107,650,59,31200,Media,Mayorista
1275,81,722,52,20938,Baja,Online
1276,133,656,73,39360,Media,Online
1277,206,289,131,21675,Media,Mayorista
1278,202,376,119,31208,Baja,Online
1279,72,828,35,30636,Media,Mayorista
1280,89,656,46,28208,Media,Mayorista
1281,124,718,64,43080,Baja,Tienda
1282,207,377,130,29029,Baja,Online
1283,119,549,78,22509,Baja,Mayorista
1284,161,460,98,28980,Baja,Tienda
1285,186,469,104,38458,Alta,Online
1286,55,883,33,19426,Baja,Online
1287,95,780,59,28080,Baja,Tienda
1288,120,551,70,27550,Media,Mayorista
1289,174,493,109,32045,Media,Tienda
1290,171,418,109,25916,Baja,Mayorista
1291,82,808,43,31512,Alta,Tienda
1292,85,654,50,22890,Baja,Tienda
1293,128,651,70,37758,Alta,Mayorista
1294,65,789,41,18936,Baja,Online
1295,122,605,67,33275,Baja,Tienda
1296,79,699,47,22368,Alta,Tienda
1297,150,624,98,32448,Baja,Tienda
1298,201,340,117,28560,Baja,Tienda
1299,113,614,75,23332,Alta,Mayorista
1300,151,560,97,30240,Baja,Tienda
1301,187,447,109,34866,Baja,Mayorista
1302,148,615,92,34440,Baja,Online
1303,111,712,65,32752,Baja,Online
1304,132,629,76,35224,Baja,Online
1305,104,635,56,30480,Media,Mayorista
1306,90,802,54,28872,Alta,Online
1307,160,510,98,31620,Baja,Online
1308,77,768,53,18432,Alta,Mayorista
1309,179,508,114,33020,Baja,Mayorista
1310,28,860,24,3440,Baja,Online
1311,129,635,68,38735,Media,Tienda
1312,82,746,54,20888,Baja,Tienda
1313,100,761,55,34245,Alta,Mayorista
1314,135,560,71,35840,Media,Online
1315,210,363,120,32670,Alta,Tienda
1316,58,857,34,20568,Baja,Mayorista
1317,103,748,59,32912,Baja,Online
1318,137,646,78,38114,Media,Online
1319,76,862,35,35342,Alta,Tienda
1320,69,734,36,24222,Media,Tienda
1321,205,313,123,25666,Alta,Online
1322,203,349,120,28967,Media,Tienda
1323,50,800,37,10400,Baja,Tienda
1324,162,525,98,33600,Baja,Mayorista
1325,169,414,101,28152,Baja,Tienda
1326,105,681,66,26559,Baja,Mayorista
1327,68,775,37,24025,Alta,Tienda
1328,28,881,20,7048,Alta,Tienda
1329,197,373,117,29840,Baja,Online
1330,208,321,122,27606,Baja,Tienda
1331,86,654,44,27468,Alta,Mayorista
1332,162,426,91,30246,Baja,Tienda
1333,84,765,51,25245,Alta,Mayorista
1334,38,961,25,12493,Alta,Mayorista
1335,153,565,99,30510,Baja,Mayorista
1336,207,344,116,31304,Baja,Mayorista
1337,20,983,8,11796,Baja,Tienda
1338,50,781,36,10934,Alta,Online
1339,190,434,121,29946,Baja,Tienda
1340,102,673,70,21536,Alta,Tienda
1341,59,880,30,25520,Baja,Online
1342,200,491,129,34861,Baja,Mayorista
1343,82,756,55,20412,Alta,Online
1344,128,711,78,35550,Media,Tienda
1345,32,967,22,9670,Media,Online
1346,111,602,56,33110,Media,Online
1347,208,405,121,35235,Alta,Mayorista
1348,195,472,122,34456,Baja,Online
1349,83,767,53,23010,Media,Tienda
1350,102,596,60,25032,Media,Online
1351,36,972,22,13608,Media,Mayorista
1352,73,762,35,28956,Media,Mayorista
1353,37,970,15,21340,Media,Tienda
1354,169,510,107,31620,Alta,Mayorista
1355,116,672,66,33600,Baja,Online
1356,171,493,96,36975,Alta,Online
1357,211,413,123,36344,Baja,Tienda
1358,53,844,31,18568,Alta,Mayorista
1359,71,717,50,15057,Baja,Tienda
1360,38,804,14,19296,Alta,Tienda
1361,103,670,63,26800,Alta,Tienda
1362,82,687,50,21984,Baja,Tienda
1363,63,868,43,17360,Baja,Mayorista
1364,115,736,67,35328,Baja,Tienda
1365,67,887,34,29271,Alta,Mayorista
1366,119,704,75,30976,Media,Mayorista
1367,78,733,49,21257,Baja,Mayorista
1368,43,965,31,11580,Baja,Mayorista
1369,35,978,15,19560,Baja,Mayorista
1370,69,862,42,23274,Alta,Online
1371,90,828,58,26496,Media,Online
1372,102,741,63,28899,Media,Online
1373,143,501,89,27054,Baja,Mayorista
1374,113,598,71,25116,Alta,Tienda
1375,101,795,68,26235,Alta,Tienda
1376,106,654,53,34662,Baja,Mayorista
1377,195,468,109,40248,Baja,Tienda
1378,122,682,81,27962,Alta,Mayorista
1379,34,950,29,4750,Media,Tienda
1380,141,565,89,29380,Alta,Online
1381,103,596,71,19072,Baja,Tienda
1382,110,685,70,27400,Baja,Tienda
1383,219,415,126,38595,Media,Tienda
1384,167,492,109,28536,Media,Tienda
1385,179,407,99,32560,Baja,Tienda
1386,43,799,28,11985,Media,Tienda
1387,104,767,58,35282,Alta,Mayorista
1388,66,802,46,16040,Baja,Mayorista
1389,157,621,92,40365,Media,Mayorista
1390,113,604,72,24764,Media,Mayorista
1391,205,290,129,22040,Alta,Tienda
1392,43,957,32,10527,Media,Mayorista
1393,137,645,72,41925,Baja,Online
1394,41,778,16,19450,Alta,Online
1395,160,453,103,25821,Media,Tienda
1396,67,828,48,15732,Alta,Tienda
1397,26,922,6,18440,Baja,Online
1398,32,987,10,21714,Alta,Mayorista
1399,118,581,80,22078,Alta,Mayorista
1400,194,387,109,32895,Media,Mayorista
1401,161,487,100,29707,Baja,Tienda
1402,110,594,56,32076,Media,Online
1403,167,484,96,34364,Alta,Tienda
1404,62,875,41,18375,Baja,Mayorista
1405,108,656,64,28864,Alta,Online
1406,219,403,137,33046,Media,Tienda
1407,142,653,85,37221,Baja,Online
1408,116,601,71,27045,Media,Tienda
1409,78,861,52,22386,Alta,Online
1410,212,290,118,27260,Baja,Mayorista
1411,126,529,74,27508,Baja,Online
1412,123,711,81,29862,Baja,Online
1413,202,444,121,35964,Media,Mayorista
1414,121,593,70,30243,Alta,Online
1415,33,839,18,12585,Alta,Mayorista
1416,114,695,74,27800,Baja,Mayorista
1417,206,283,131,21225,Alta,Mayorista
1418,196,424,122,31376,Alta,Tienda
1419,130,653,76,35262,Media,Tienda
1420,85,673,45,26920,Baja,Tienda
1421,125,600,71,32400,Baja,Online
1422,51,933,27,22392,Alta,Mayorista
1423,219,387,128,35217,Alta,Mayorista
1424,198,315,127,22365,Baja,Mayorista
1425,63,880,44,16720,Baja,Mayorista
1426,213,411,121,37812,Alta,Online
1427,169,475,104,30875,Baja,Tienda
1428,30,1004,20,10040,Alta,Mayorista
1429,168,567,96,40824,Baja,Online
1430,198,333,122,25308,Baja,Mayorista
1431,82,803,57,20075,Baja,Mayorista
1432,198,423,118,33840,Alta,Online
1433,43,882,28,13230,Media,Online
1434,56,892,28,24976,Media,Online
1435,89,717,43,32982,Baja,Online
1436,98,766,64,26044,Media,Mayorista
1437,179,474,116,29862,Alta,Mayorista
1438,93,672,53,26880,Baja,Mayorista
1439,135,554,87,26592,Baja,Tienda
1440,100,656,67,21648,Baja,Mayorista
1441,194,406,107,35322,Media,Tienda
1442,26,892,15,9812,Baja,Tienda
1443,108,667,64,29348,Baja,Mayorista
1444,157,604,98,35636,Alta,Tienda
1445,52,799,25,21573,Media,Mayorista
1446,144,643,79,41795,Alta,Online
1447,208,306,122,26316,Baja,Mayorista
1448,37,911,16,19131,Media,Mayorista
1449,206,460,120,39560,Baja,Online
1450,35,898,24,9878,Media,Online
1451,141,535,89,27820,Media,Tienda
1452,97,620,49,29760,Media,Mayorista
1453,101,669,57,29436,Baja,Online
1454,205,393,116,34977,Media,Online
1455,103,734,60,31562,Baja,Mayorista
1456,52,921,37,13815,Alta,Mayorista
1457,214,330,137,25410,Baja,Online
1458,180,512,114,33792,Media,Mayorista
1459,49,822,30,15618,Baja,Mayorista
1460,165,474,105,28440,Media,Online
1461,135,650,80,35750,Baja,Tienda
1462,107,697,68,27183,Alta,Tienda
1463,91,786,45,36156,Media,Online
1464,78,768,40,29184,Alta,Online
1465,58,807,33,20175,Media,Online
1466,49,890,29,17800,Alta,Tienda
1467,125,547,68,31179,Media,Online
1468,156,618,98,35844,Alta,Mayorista
1469,158,564,101,32148,Baja,Tienda
1470,172,495,107,32175,Alta,Mayorista
1471,92,794,61,24614,Baja,Mayorista
1472,146,570,78,38760,Alta,Online
1473,55,874,39,13984,Baja,Tienda
1474,107,693,60,32571,Baja,Mayorista
1475,163,499,95,33932,Alta,Online
1476,195,395,123,28440,Alta,Tienda
1477,110,750,75,26250,Alta,Mayorista
1478,94,683,52,28686,Alta,Tienda
1479,110,706,61,34594,Alta,Mayorista
1480,71,729,37,24786,Media,Mayorista
1481,99,689,63,24804,Alta,Online
1482,155,480,86,33120,Alta,Online
1483,158,534,101,30438,Baja,Online
1484,182,394,113,27186,Baja,Tienda
1485,124,598,81,25714,Media,Mayorista
1486,55,777,29,20202,Alta,Mayorista
1487,187,449,118,30981,Media,Mayorista
1488,126,525,83,22575,Baja,Mayorista
1489,70,885,42,24780,Baja,Online
1490,137,681,86,34731,Alta,Online
1491,110,574,72,21812,Baja,Online
1492,91,629,63,17612,Media,Mayorista
1493,92,765,59,25245,Media,Online
1494,113,640,65,30720,Media,Tienda
1495,157,509,85,36648,Baja,Mayorista
1496,140,586,81,34574,Baja,Tienda
1497,71,689,51,13780,Alta,Mayorista
1498,140,534,89,27234,Media,Tienda
1499,181,461,106,34575,Baja,Tienda
1500,192,340,115,26180,Media,Online
1501,210,445,116,41830,Alta,Mayorista
1502,108,607,60,29136,Media,Tienda
1503,163,508,98,33020,Media,Mayorista
1504,176,394,97,31126,Baja,Online
1505,54,797,28,20722,Media,Online
1506,215,267,136,21093,Media,Mayorista
1507,125,551,82,23693,Baja,Mayorista
1508,148,481,97,24531,Alta,Online
1509,118,637,74,28028,Baja,Online
1510,124,713,80,31372,Media,Tienda
1511,107,632,67,25280,Baja,Online
1512,104,781,59,35145,Baja,Online
1513,72,838,47,20950,Media,Online
1514,145,565,89,31640,Media,Tienda
1515,39,935,15,22440,Alta,Tienda
1516,24,991,23,991,Alta,Mayorista
1517,213,287,134,22673,Media,Online
1518,187,432,118,29808,Alta,Mayorista
1519,59,820,29,24600,Baja,Mayorista
1520,210,271,117,25203,Baja,Tienda
1521,57,733,34,16859,Baja,Online
1522,76,864,37,33696,Alta,Mayorista
1523,97,742,67,22260,Media,Mayorista
1524,129,565,78,28815,Alta,Mayorista
1525,44,885,34,8850,Media,Mayorista
1526,144,481,83,29341,Alta,Tienda
1527,160,552,93,36984,Media,Tienda
1528,106,737,73,24321,Media,Online
1529,25,915,24,915,Baja,Tienda
1530,58,765,32,19890,Media,Mayorista
1531,53,820,35,14760,Alta,Mayorista
1532,154,580,99,31900,Baja,Tienda
1533,167,413,98,28497,Alta,Mayorista
1534,160,592,101,34928,Media,Mayorista
1535,63,775,44,14725,Media,Online
1536,150,519,80,36330,Media,Online
1537,127,544,75,28288,Alta,Tienda
1538,121,605,79,25410,Alta,Mayorista
1539,124,592,67,33744,Media,Mayorista
1540,192,470,106,40420,Media,Mayorista
1541,142,618,90,32136,Alta,Tienda
1542,53,854,22,26474,Baja,Tienda
1543,20,884,16,3536,Media,Tienda
1544,160,558,90,39060,Alta,Online
1545,201,396,115,34056,Baja,Tienda
1546,116,631,62,34074,Baja,Tienda
1547,160,584,101,34456,Media,Online
1548,48,869,24,20856,Media,Mayorista
1549,21,1032,9,12384,Baja,Mayorista
1550,202,295,123,23305,Alta,Online
1551,167,456,97,31920,Baja,Mayorista
1552,185,516,106,40764,Alta,Online
1553,202,425,118,35700,Alta,Tienda
1554,177,512,106,36352,Alta,Online
1555,68,705,33,24675,Alta,Tienda
1556,69,882,48,18522,Alta,Tienda
1557,161,562,87,41588,Media,Tienda
1558,129,609,75,32886,Alta,Tienda
1559,201,405,129,29160,Media,Online
1560,121,693,73,33264,Baja,Mayorista
1561,95,616,62,20328,Baja,Mayorista
1562,181,462,118,29106,Media,Online
1563,71,804,35,28944,Alta,Online
1564,148,568,80,38624,Media,Tienda
1565,211,323,119,29716,Alta,Online
1566,211,311,118,28923,Media,Online
1567,145,600,80,39000,Media,Tienda
1568,58,821,26,26272,Baja,Mayorista
1569,22,885,19,2655,Alta,Mayorista
1570,201,361,114,31407,Alta,Online
1571,109,691,73,24876,Media,Mayorista
1572,142,647,84,37526,Alta,Tienda
1573,176,428,102,31672,Alta,Online
1574,28,940,18,9400,Alta,Tienda
1575,124,663,74,33150,Alta,Tienda
1576,215,359,132,29797,Baja,Mayorista
1577,41,965,31,9650,Media,Online
1578,83,804,59,19296,Baja,Online
1579,68,870,48,17400,Media,Tienda
1580,34,834,28,5004,Baja,Tienda
1581,156,524,99,29868,Media,Mayorista
1582,88,688,61,18576,Alta,Mayorista
1583,162,554,101,33794,Alta,Mayorista
1584,212,347,132,27760,Baja,Mayorista
1585,213,345,127,29670,Media,Tienda
1586,200,338,115,28730,Alta,Mayorista
1587,217,367,135,30094,Media,Tienda
1588,38,791,24,11074,Baja,Online
1589,157,431,89,29308,Media,Mayorista
1590,153,484,94,28556,Media,Tienda
1591,182,542,99,44986,Media,Online
1592,197,389,115,31898,Baja,Mayorista
1593,204,465,132,33480,Alta,Tienda
1594,124,533,74,26650,Alta,Online
1595,179,473,107,34056,Alta,Tienda
1596,71,880,37,29920,Baja,Mayorista
1597,94,621,55,24219,Media,Online
1598,201,374,119,30668,Media,Tienda
1599,107,735,68,28665,Media,Mayorista
1600,37,839,26,9229,Alta,Mayorista
1601,101,671,64,24827,Baja,Tienda
1602,52,754,22,22620,Media,Tienda
1603,111,684,57,36936,Baja,Mayorista
1604,52,920,24,25760,Media,Mayorista
1605,191,411,117,30414,Alta,Online
1606,187,392,103,32928,Baja,Online
1607,211,349,131,27920,Baja,Online
1608,142,641,84,37178,Alta,Online
1609,55,766,31,18384,Baja,Tienda
1610,127,561,73,30294,Baja,Online
1611,164,582,103,35502,Media,Mayorista
1612,171,540,94,41580,Baja,Online
1613,91,754,62,21866,Media,Online
1614,206,371,119,32277,Baja,Tienda
1615,106,630,73,20790,Baja,Online
1616,95,750,57,28500,Baja,Tienda
1617,123,720,74,35280,Alta,Tienda
1618,164,539,92,38808,Alta,Tienda
1619,36,888,28,7104,Media,Mayorista
1620,181,519,108,37887,Alta,Online
1621,121,561,82,21879,Baja,Mayorista
1622,67,707,33,24038,Baja,Tienda
1623,180,529,114,34914,Baja,Online
1624,85,774,57,21672,Alta,Mayorista
1625,192,458,114,35724,Baja,Mayorista
1626,35,860,12,19780,Alta,Online
1627,181,525,112,36225,Alta,Mayorista
1628,35,925,12,21275,Alta,Tienda
1629,59,766,34,19150,Alta,Mayorista
1630,65,845,46,16055,Baja,Online
1631,185,512,107,39936,Alta,Online
1632,195,374,123,26928,Alta,Online
1633,176,474,108,32232,Baja,Mayorista
1634,133,558,77,31248,Alta,Online
1635,209,428,116,39804,Media,Tienda
1636,85,700,58,18900,Alta,Tienda
1637,142,529,94,25392,Baja,Mayorista
1638,180,448,111,30912,Media,Tienda
1639,162,603,106,33768,Baja,Tienda
1640,28,942,14,13188,Baja,Online
1641,122,551,73,26999,Alta,Mayorista
1642,162,520,93,35880,Media,Mayorista
1643,78,782,42,28152,Media,Online
1644,74,853,46,23884,Baja,Tienda
1645,93,797,52,32677,Baja,Mayorista
1646,42,933,15,25191,Baja,Tienda
1647,173,391,112,23851,Baja,Tienda
1648,63,886,42,18606,Alta,Tienda
1649,113,709,75,26942,Alta,Tienda
1650,199,388,127,27936,Baja,Tienda
1651,114,571,78,20556,Alta,Mayorista
1652,117,717,77,28680,Baja,Online
1653,106,711,71,24885,Media,Tienda
1654,21,952,20,952,Media,Online
1655,98,696,65,22968,Baja,Online
1656,161,519,95,34254,Alta,Mayorista
1657,139,662,83,37072,Media,Online
1658,74,678,35,26442,Baja,Online
1659,178,513,115,32319,Media,Mayorista
1660,73,738,46,19926,Baja,Online
1661,129,649,73,36344,Media,Mayorista
1662,59,735,38,15435,Baja,Mayorista
1663,131,664,84,31208,Baja,Tienda
1664,122,651,68,35154,Alta,Tienda
1665,174,554,107,37118,Baja,Online
1666,138,529,76,32798,Alta,Online
1667,97,701,55,29442,Media,Online
1668,148,640,92,35840,Media,Tienda
1669,34,941,10,22584,Media,Tienda
1670,216,450,127,40050,Media,Mayorista
1671,213,266,128,22610,Baja,Tienda
1672,93,654,49,28776,Media,Mayorista
1673,41,914,29,10968,Alta,Tienda
1674,204,411,126,32058,Baja,Mayorista
1675,59,775,30,22475,Media,Tienda
1676,149,552,97,28704,Alta,Tienda
1677,53,852,40,11076,Baja,Tienda
1678,34,988,27,6916,Media,Mayorista
1679,78,788,47,24428,Baja,Mayorista
1680,41,792,23,14256,Baja,Mayorista
1681,59,844,26,27852,Baja,Mayorista
1682,139,573,90,28077,Baja,Mayorista
1683,191,442,120,31382,Alta,Mayorista
1684,111,763,58,40439,Media,Online
1685,143,491,86,27987,Baja,Tienda
1686,98,750,64,25500,Baja,Mayorista
1687,119,679,80,26481,Media,Tienda
1688,137,557,81,31192,Baja,Mayorista
1689,189,481,122,32227,Alta,Online
1690,22,908,11,9988,Baja,Tienda
1691,188,489,120,33252,Alta,Online
1692,66,714,31,24990,Media,Mayorista
1693,135,512,72,32256,Alta,Online
1694,185,531,111,39294,Alta,Mayorista
1695,37,935,26,10285,Media,Tienda
1696,175,398,110,25870,Media,Mayorista
1697,148,460,91,26220,Baja,Online
1698,63,792,42,16632,Baja,Mayorista
1699,210,438,132,34164,Media,Tienda
1700,216,437,134,35834,Baja,Mayorista
1701,212,289,128,24276,Alta,Online
1702,108,674,74,22916,Alta,Tienda
1703,110,754,74,27144,Media,Mayorista
1704,149,531,97,27612,Media,Tienda
1705,20,967,6,13538,Alta,Tienda
1706,118,664,76,27888,Alta,Online
1707,133,623,73,37380,Media,Online
1708,210,379,125,32215,Baja,Online
1709,53,791,37,12656,Alta,Mayorista
1710,184,433,107,33341,Baja,Tienda
1711,146,501,81,32565,Media,Online
1712,167,537,98,37053,Baja,Online
1713,122,663,72,33150,Media,Online
1714,41,888,22,16872,Baja,Tienda
1715,84,705,53,21855,Baja,Online
1716,92,758,62,22740,Media,Mayorista
1717,45,961,20,24025,Alta,Tienda
1718,126,612,77,29988,Media,Mayorista
1719,205,347,127,27066,Alta,Online
1720,92,817,55,30229,Alta,Online
1721,88,830,57,25730,Baja,Mayorista
1722,213,272,121,25024,Media,Mayorista
1723,122,572,80,24024,Baja,Mayorista
1724,22,840,16,5040,Alta,Online
1725,73,848,51,18656,Alta,Online
1726,57,873,37,17460,Alta,Tienda
1727,148,459,84,29376,Baja,Online
1728,51,922,22,26738,Baja,Mayorista
1729,96,758,64,24256,Media,Online
1730,198,417,122,31692,Media,Mayorista
1731,141,649,83,37642,Alta,Online
1732,121,540,78,23220,Media,Online
1733,167,492,93,36408,Media,Tienda
1734,189,441,112,33957,Alta,Online
1735,92,666,47,29970,Alta,Online
1736,53,939,25,26292,Baja,Online
1737,203,310,127,23560,Media,Mayorista
1738,47,777,26,16317,Alta,Mayorista
1739,179,492,117,30504,Media,Tienda
1740,87,679,49,25802,Alta,Online
1741,99,624,53,28704,Alta,Tienda
1742,192,348,112,27840,Baja,Mayorista
1743,121,604,65,33824,Alta,Mayorista
1744,138,655,84,35370,Baja,Online
1745,167,504,90,38808,Media,Mayorista
1746,161,542,101,32520,Alta,Tienda
1747,42,800,19,18400,Alta,Tienda
1748,60,818,38,17996,Alta,Tienda
1749,157,451,95,27962,Media,Mayorista
1750,90,807,47,34701,Baja,Tienda
1751,24,975,4,19500,Media,Online
1752,21,942,15,5652,Media,Tienda
1753,120,628,79,25748,Baja,Tienda
1754,185,506,102,41998,Baja,Tienda
1755,181,441,105,33516,Media,Online
1756,76,691,40,24876,Alta,Mayorista
1757,73,703,44,20387,Baja,Tienda
1758,158,556,103,30580,Alta,Online
1759,211,291,119,26772,Media,Online
1760,179,472,103,35872,Baja,Online
1761,119,670,62,38190,Baja,Mayorista
1762,201,425,125,32300,Alta,Tienda
1763,69,828,32,30636,Baja,Online
1764,93,673,55,25574,Media,Mayorista
1765,176,473,97,37367,Alta,Mayorista
1766,147,502,95,26104,Alta,Online
1767,94,804,53,32964,Baja,Mayorista
1768,161,593,92,40917,Alta,Online
1769,71,836,42,24244,Baja,Mayorista
1770,173,468,95,36504,Media,Tienda
1771,164,562,105,33158,Alta,Tienda
1772,168,594,98,41580,Alta,Mayorista
1773,55,916,27,25648,Alta,Tienda
1774,140,566,82,32828,Media,Tienda
1775,149,612,82,41004,Media,Tienda
1776,156,587,90,38742,Alta,Online
1777,186,439,120,28974,Media,Tienda
1778,146,549,78,37332,Baja,Tienda
1779,185,394,120,25610,Media,Tienda
1780,83,716,49,24344,Media,Mayorista
1781,204,416,121,34528,Baja,Tienda
1782,29,964,21,7712,Baja,Online
1783,144,473,81,29799,Baja,Online
1784,32,885,10,19470,Baja,Online
1785,26,882,10,14112,Alta,Tienda
1786,62,902,40,19844,Media,Mayorista
1787,36,869,30,5214,Alta,Tienda
1788,122,556,65,31692,Baja,Mayorista
1789,198,401,119,31679,Baja,Online
1790,59,872,34,21800,Alta,Mayorista
1791,89,703,50,27417,Media,Online
1792,60,722,33,19494,Baja,Online
1793,118,596,74,26224,Media,Mayorista
1794,161,555,99,34410,Media,Online
1795,62,885,39,20355,Alta,Tienda
1796,117,636,70,29892,Baja,Online
1797,48,905,36,10860,Baja,Tienda
1798,89,766,44,34470,Alta,Mayorista
1799,189,455,107,37310,Alta,Mayorista
1800,119,677,78,27757,Media,Online
1801,58,751,36,16522,Baja,Mayorista
1802,21,850,6,12750,Media,Online
1803,191,407,109,33374,Alta,Mayorista
1804,107,589,60,27683,Baja,Online
1805,59,777,39,15540,Alta,Online
1806,150,478,96,25812,Baja,Online
1807,57,822,30,22194,Alta,Online
1808,190,509,118,36648,Baja,Mayorista
1809,138,643,89,31507,Media,Online
1810,88,779,57,24149,Alta,Online
1811,81,844,48,27852,Media,Tienda
1812,116,616,73,26488,Media,Online
1813,162,488,101,29768,Media,Tienda
1814,147,491,79,33388,Media,Online
1815,132,606,83,29694,Media,Tienda
1816,129,709,67,43958,Media,Online
1817,157,538,94,33894,Baja,Online
1818,140,533,90,26650,Baja,Tienda
1819,113,596,73,23840,Baja,Online
1820,28,817,12,13072,Media,Mayorista
1821,64,759,34,22770,Baja,Online
1822,100,674,56,29656,Alta,Tienda
1823,21,928,3,16704,Baja,Online
1824,135,686,74,41846,Baja,Online
1825,138,597,79,35223,Media,Online
1826,194,327,113,26487,Media,Online
1827,145,553,77,37604,Media,Online
1828,136,618,86,30900,Media,Online
1829,168,399,100,27132,Baja,Tienda
1830,116,555,69,26085,Baja,Tienda
1831,136,610,72,39040,Alta,Mayorista
1832,27,926,24,2778,Alta,Online
1833,152,456,81,32376,Alta,Mayorista
1834,134,536,85,26264,Baja,Mayorista
1835,150,450,89,27450,Media,Online
1836,204,296,121,24568,Media,Mayorista
1837,208,343,117,31213,Baja,Online
1838,29,814,22,5698,Media,Tienda
1839,90,688,63,18576,Baja,Tienda
1840,180,377,108,27144,Baja,Mayorista
1841,211,417,128,34611,Alta,Online
1842,108,730,68,29200,Media,Online
1843,129,542,84,24390,Alta,Mayorista
1844,172,471,96,35796,Baja,Tienda
1845,98,741,68,22230,Baja,Mayorista
1846,24,978,14,9780,Media,Online